food_code,food_name,energy_kcal,energy_kj,carbohydrate_g,protein_g,fat_g,source_file
11101,小麦,338,1416,75.2,11.9,1.3,中国食物成分表_标准版_第一册.md
11102,五谷香,378,1580,78.9,9.9,2.6,中国食物成分表_标准版_第一册.md
011201x,小麦粉（代表值）,359,1512,74.1,12.4,1.7,中国食物成分表_标准版_第一册.md
11202,小麦粉（富强粉，特一粉）,351,1467,75.2,10.3,1.1,中国食物成分表_标准版_第一册.md
11203,小麦粉（特二粉）,352,1472,75.9,10.4,1.1,中国食物成分表_标准版_第一册.md
11204,小麦胚粉,403,1687,44.5,36.4,10.1,中国食物成分表_标准版_第一册.md
11205,麸皮,282,1181,61.4,15.8,4,中国食物成分表_标准版_第一册.md
11206,小麦粉（标准粉）,362,1531,70.9,15.7,2.5,中国食物成分表_标准版_第一册.md
11207,小麦粉（富强粉、特一粉）,362,1534,74.9,12.3,1.5,中国食物成分表_标准版_第一册.md
11208,小麦粉（特制）,366,1554,73.5,13.3,2.2,中国食物成分表_标准版_第一册.md
011301x,挂面（代表值）,353,1483,75.1,11.4,0.9,中国食物成分表_标准版_第一册.md
11302,挂面（标准粉）,348,1454,76,10.1,0.7,中国食物成分表_标准版_第一册.md
11304,挂面（精制龙须面）,348,1455,74.7,11.2,0.5,中国食物成分表_标准版_第一册.md
011305x,面条（生，代表值）,301,1262,65.6,8.9,0.6,中国食物成分表_标准版_第一册.md
11306,面条（标准粉，切面）,283,1186,59.5,8.5,1.6,中国食物成分表_标准版_第一册.md
11308,面条（特粉，切面）,287,1200,64.5,7.3,0.1,中国食物成分表_标准版_第一册.md
11310,面条（干切面）,355,1487,77.7,11,0.1,中国食物成分表_标准版_第一册.md
11311,面条（虾蓉面）,436,1824,68.3,8.5,15.1,中国食物成分表_标准版_第一册.md
11312,通心面[通心粉],351,1468,75.8,11.9,0.1,中国食物成分表_标准版_第一册.md
11313,挂面（富强粉）,363,1539,74.7,13,1.5,中国食物成分表_标准版_第一册.md
11314,龙须面（素）,359,1524,75.7,10.8,1.8,中国食物成分表_标准版_第一册.md
11315,龙须面（鸡蛋）,352,1491,71.5,14,1.8,中国食物成分表_标准版_第一册.md
11316,面条（富强粉，切面）,277,1176,60.7,8.9,0.4,中国食物成分表_标准版_第一册.md
11317,面条（富强粉，煮）,107,453,22.8,3.9,0.4,中国食物成分表_标准版_第一册.md
11401,花卷,214,895,45.6,6.4,1,中国食物成分表_标准版_第一册.md
11402,空锅饼,278,1165,60.9,8.6,0.2,中国食物成分表_标准版_第一册.md
11403,烙饼（标准粉）,258,1082,52.9,7.5,2.3,中国食物成分表_标准版_第一册.md
011404x,馒头（代表值）,223,934,47,7,1.1,中国食物成分表_标准版_第一册.md
11405,馒头（标准粉）,236,989,49.8,7.8,1,中国食物成分表_标准版_第一册.md
11407,烧饼（加糖）,298,1245,62.7,8,2.1,中国食物成分表_标准版_第一册.md
11408,油饼,403,1687,42.4,7.9,22.9,中国食物成分表_标准版_第一册.md
11409,油条,388,1624,51,6.9,17.6,中国食物成分表_标准版_第一册.md
11410,花卷（加牛奶）,282,1192,58.9,6.5,3.2,中国食物成分表_标准版_第一册.md
11411,馒头（富强粉）,235,994,50.9,7.1,1.3,中国食物成分表_标准版_第一册.md
11501,水面筋,142,595,12.3,23.5,0.1,中国食物成分表_标准版_第一册.md
11502,油面筋,492,2061,40.4,26.9,25.1,中国食物成分表_标准版_第一册.md
11503,面筋（肉馅）,364,1506,0.1,16.2,33.2,中国食物成分表_标准版_第一册.md
012001x,稻米（代表值）,346,1453,77.2,7.9,0.9,中国食物成分表_标准版_第一册.md
12101,粳米（标一）,345,1442,77.4,7.7,0.6,中国食物成分表_标准版_第一册.md
12102,粳米（标二）,347,1454,77.7,8,0.6,中国食物成分表_标准版_第一册.md
12103,粳米（标三）,346,1446,77.6,7.2,0.8,中国食物成分表_标准版_第一册.md
12104,粳米（标四）,347,1453,78.1,7.5,0.7,中国食物成分表_标准版_第一册.md
12105,粳米（特等）,335,1401,75.7,7.3,0.4,中国食物成分表_标准版_第一册.md
12106,粳米（极品精米）,343,1456,78.1,6.4,1.2,中国食物成分表_标准版_第一册.md
12107,粳米（西域玉米）,353,1498,77,7.5,1.8,中国食物成分表_标准版_第一册.md
12108,粳米（小站稻米）,346,1469,79.2,6.9,0.7,中国食物成分表_标准版_第一册.md
12201,籼米（标一）,348,1454,77.9,7.7,0.7,中国食物成分表_标准版_第一册.md
12202,籼米（标准）[机米],349,1459,78.3,7.9,0.6,中国食物成分表_标准版_第一册.md
12203,籼米（优标）,350,1466,77.3,8.3,1,中国食物成分表_标准版_第一册.md
12204,早籼,361,1512,76.2,9.9,2.2,中国食物成分表_标准版_第一册.md
12205,早籼（标一）,352,1474,77.2,8.8,1,中国食物成分表_标准版_第一册.md
12206,早籼（标二）,346,1449,75.1,9.5,1,中国食物成分表_标准版_第一册.md
12207,早籼（特等）,347,1453,76.7,9.1,0.6,中国食物成分表_标准版_第一册.md
12208,晚籼（标一）,346,1448,77.3,7.9,0.7,中国食物成分表_标准版_第一册.md
12209,晚籼（标二）,344,1438,75.7,8.6,0.8,中国食物成分表_标准版_第一册.md
12210,晚籼（特等）,342,1432,76.9,8.1,0.3,中国食物成分表_标准版_第一册.md
12211,籼稻（红）,348,1454,76.4,7,2,中国食物成分表_标准版_第一册.md
12212,黑米,341,1427,72.2,9.4,2.5,中国食物成分表_标准版_第一册.md
12213,香米,347,1453,72.4,12.7,0.9,中国食物成分表_标准版_第一册.md
12214,籼米,340,1441,78,7.5,1.1,中国食物成分表_标准版_第一册.md
12215,香米,342,1450,77.2,8.4,0.7,中国食物成分表_标准版_第一册.md
12216,糙米,348,1475,75,7.7,2.7,中国食物成分表_标准版_第一册.md
12301,糯米[江米],350,1464,78.3,7.3,1,中国食物成分表_标准版_第一册.md
12302,优糯米,345,1443,75.3,9,1,中国食物成分表_标准版_第一册.md
12303,早糯谷,360,1505,77,7.1,3.2,中国食物成分表_标准版_第一册.md
12304,紫红糯米[血糯米],346,1448,75.1,8.3,1.7,中国食物成分表_标准版_第一册.md
12305,粳糯米,344,1440,76.7,7.9,0.8,中国食物成分表_标准版_第一册.md
12306,籼糯米,352,1475,78,7.9,1.1,中国食物成分表_标准版_第一册.md
012401x,"米饭(蒸,代表值)",116,486,25.9,2.6,0.3,中国食物成分表_标准版_第一册.md
12402,粳米饭(蒸),118,492,26.2,2.6,0.3,中国食物成分表_标准版_第一册.md
12404,粳米粥,46,195,9.9,1.1,0.3,中国食物成分表_标准版_第一册.md
12405,籼米粉[排米粉],356,1489,81.5,7.4,0.1,中国食物成分表_标准版_第一册.md
12406,"籼米粉(干,细)",346,1447,78.3,8,0.1,中国食物成分表_标准版_第一册.md
12407,高蛋白豆米粉(籼米),414,1732,71,16.5,7.1,中国食物成分表_标准版_第一册.md
12408,籼米饭(蒸),117,497,26.4,3,0.4,中国食物成分表_标准版_第一册.md
12409,籼米粥,59,251,13.4,1.3,0.2,中国食物成分表_标准版_第一册.md
12410,米粉,349,1481,85.8,0.4,0.8,中国食物成分表_标准版_第一册.md
12411,河粉,359,1522,79.2,7.7,1.5,中国食物成分表_标准版_第一册.md
13101,玉米(鲜),112,469,22.8,4,1.2,中国食物成分表_标准版_第一册.md
13102,"玉米(白,干)",352,1474,74.7,8.8,3.8,中国食物成分表_标准版_第一册.md
13103,"玉米(黄,干)",348,1457,73,8.7,3.8,中国食物成分表_标准版_第一册.md
13104,玉米面(白),352,1475,73.1,8,4.5,中国食物成分表_标准版_第一册.md
13106,玉米面(强化豆粉),352,1472,68.3,11.8,4.9,中国食物成分表_标准版_第一册.md
13108,玉米粒(黄、干),327,1382,79.2,8,0.8,中国食物成分表_标准版_第一册.md
13109,玉米面(黄),350,1483,78.4,8.5,1.5,中国食物成分表_标准版_第一册.md
13110,玉米糁(黄),326,1378,78.7,7.4,1.2,中国食物成分表_标准版_第一册.md
13201,玉米笋(罐头),16,67,4.9,1.1,0.2,中国食物成分表_标准版_第一册.md
13202,玉米面条条,350,1486,80.5,6.6,0.3,中国食物成分表_标准版_第一册.md
14101,大麦[元麦],327,1367,73.3,10.2,1.4,中国食物成分表_标准版_第一册.md
14102,黑大麦,327,1381,74.3,10.2,2.2,中国食物成分表_标准版_第一册.md
14201,肚里黄,337,1409,76.7,8.8,1.2,中国食物成分表_标准版_第一册.md
14202,青稞,342,1432,75,8.1,1.5,中国食物成分表_标准版_第一册.md
15101,小米,361,1511,75.1,9,3.1,中国食物成分表_标准版_第一册.md
15102,小米面,357,1494,77.7,7.2,2.1,中国食物成分表_标准版_第一册.md
15103,小米粥,46,190,8.4,1.4,0.7,中国食物成分表_标准版_第一册.md
15104,小米(黄),364,1542,77.7,8.9,3,中国食物成分表_标准版_第一册.md
15201,大黄米[黍子],356,1490,71.1,13.6,2.7,中国食物成分表_标准版_第一册.md
15202,黄米,351,1469,76.9,9.7,1.5,中国食物成分表_标准版_第一册.md
19001,高粱米,360,1505,74.7,10.4,3.1,中国食物成分表_标准版_第一册.md
19002,糜子(带皮),336,1404,75.1,10.6,0.6,中国食物成分表_标准版_第一册.md
19003,糜子米(炒米),376,1572,80.5,8.1,2.6,中国食物成分表_标准版_第一册.md
19004,苦荞麦粉,316,1320,66,9.7,2.7,中国食物成分表_标准版_第一册.md
19005,荞麦,337,1410,73,9.3,2.3,中国食物成分表_标准版_第一册.md
19006,荞麦(带皮),319,1333,73,9.5,1.7,中国食物成分表_标准版_第一册.md
19008,"薏米[薏仁米, 茹米]",361,1512,71.1,12.8,3.3,中国食物成分表_标准版_第一册.md
19009,薏米面,351,1469,73.5,11.3,2.4,中国食物成分表_标准版_第一册.md
19010,荞麦面,340,1440,70.2,11.3,2.8,中国食物成分表_标准版_第一册.md
19011,莜麦面,391,1650,67.7,13.7,8.6,中国食物成分表_标准版_第一册.md
19012,燕麦,338,1433,77.4,10.1,0.2,中国食物成分表_标准版_第一册.md
19013,藜麦（散装）,357,1494,57.8,14,6,中国食物成分表_标准版_第一册.md
19014,藜麦（散装）,367,1537,58.5,10.4,7.5,中国食物成分表_标准版_第一册.md
19201,高梁面面条,304,1292,68.7,7,0.2,中国食物成分表_标准版_第一册.md
21101,马铃薯[土豆、洋芋],81,343,17.8,2.6,0.2,中国食物成分表_标准版_第一册.md
21102,马铃薯丁(脱水),344,1437,80.7,5.7,0.5,中国食物成分表_标准版_第一册.md
21105,马铃薯(烤),70,293,16.4,1.8,0.1,中国食物成分表_标准版_第一册.md
21106,马铃薯(蒸),69,289,15.3,3,Tr,中国食物成分表_标准版_第一册.md
21107,马铃薯(煮),65,272,14.2,3.2,Tr,中国食物成分表_标准版_第一册.md
21108,马铃薯全粉,362,1536,82.7,8.4,0.5,中国食物成分表_标准版_第一册.md
21201,甘薯(白心)[红皮山芋],106,444,25.2,1.4,0.2,中国食物成分表_标准版_第一册.md
21203,甘薯片[白薯干],344,1439,80.5,4.7,0.8,中国食物成分表_标准版_第一册.md
21204,甘薯粉[地瓜粉],336,1406,80.9,2.7,0.2,中国食物成分表_标准版_第一册.md
21205,甘薯(红心)[山芋、红薯],61,260,15.3,0.7,0.2,中国食物成分表_标准版_第一册.md
21301,木薯,119,498,27.8,2.1,0.3,中国食物成分表_标准版_第一册.md
22101,蚕豆淀粉,342,1432,85.3,0.5,Tr,中国食物成分表_标准版_第一册.md
22102,豌豆淀粉,342,1430,85,0.6,Tr,中国食物成分表_标准版_第一册.md
22103,玉米淀粉,346,1446,85,1.2,0.1,中国食物成分表_标准版_第一册.md
22104,团粉[芡粉],348,1454,85.8,1.5,Tr,中国食物成分表_标准版_第一册.md
22105,藕粉,373,1559,93,0.2,Tr,中国食物成分表_标准版_第一册.md
22106,桂花藕粉,344,1438,85.3,0.4,0.1,中国食物成分表_标准版_第一册.md
22107,"魔芋精粉[鬼芋粉,南星粉]",186,777,78.8,4.6,0.1,中国食物成分表_标准版_第一册.md
22108,淀粉(小麦),351,1469,86,0.2,0.5,中国食物成分表_标准版_第一册.md
22109,淀粉(大米),366,1531,89.3,0.2,0.7,中国食物成分表_标准版_第一册.md
22110,淀粉(马铃薯),332,1389,82,0.1,0.1,中国食物成分表_标准版_第一册.md
22111,淀粉（甘薯）,342,1431,84.4,0.1,0.2,中国食物成分表_标准版_第一册.md
22112,煎炸粉,331,1385,73.6,12.1,1.4,中国食物成分表_标准版_第一册.md
22201,粉丝,338,1413,83.7,0.8,0.2,中国食物成分表_标准版_第一册.md
22202,豌豆粉丝,368,1539,91.7,0.4,Tr,中国食物成分表_标准版_第一册.md
22203,粉条,338,1416,84.2,0.5,0.1,中国食物成分表_标准版_第一册.md
31101,黄豆[大豆],390,1631,34.2,35,16,中国食物成分表_标准版_第一册.md
31102,黑豆(干)[黑大豆],401,1678,33.6,36,15.9,中国食物成分表_标准版_第一册.md
31103,青豆(干)[青大豆],398,1667,35.4,34.5,16,中国食物成分表_标准版_第一册.md
31104,黄豆,407,1704,37.3,33.1,15.9,中国食物成分表_标准版_第一册.md
31201,黄豆粉,432,1807,37.6,32.7,18.3,中国食物成分表_标准版_第一册.md
31202,豆腐花[豆腐粉],401,1676,84.3,10,2.6,中国食物成分表_标准版_第一册.md
31203,豆浆粉,426,1783,66.8,19.7,9.4,中国食物成分表_标准版_第一册.md
31206,豆奶粉（维维牌）,421,1777,65.2,19.4,9.4,中国食物成分表_标准版_第一册.md
31207,豆奶粉（多力牌）,405,1712,76.4,12.3,6.5,中国食物成分表_标准版_第一册.md
31208,豆奶粉（大磨牌）,432,1821,51.6,27.4,13,中国食物成分表_标准版_第一册.md
031301x,豆腐（代表值）,84,351,3.4,6.6,5.3,中国食物成分表_标准版_第一册.md
31304,豆腐（内酯）,50,207,3.3,5,1.9,中国食物成分表_标准版_第一册.md
31305,豆腐脑[老豆腐],15,62,0,1.9,0.8,中国食物成分表_标准版_第一册.md
31306,豆腐（北豆腐）,116,482,3,9.2,8.1,中国食物成分表_标准版_第一册.md
31307,豆腐（南豆腐）,87,363,3.9,5.7,5.8,中国食物成分表_标准版_第一册.md
31402,豆奶[豆乳],30,127,1.8,2.4,1.5,中国食物成分表_标准版_第一册.md
31403,豆汁(生),10,41,1.4,0.9,0.1,中国食物成分表_标准版_第一册.md
31404,酸豆奶,67,279,11.8,2.2,1.2,中国食物成分表_标准版_第一册.md
31405,豆浆,31,128,1.2,3,1.6,中国食物成分表_标准版_第一册.md
31406,豆浆（甜）,34,142,4.9,2.4,0.5,中国食物成分表_标准版_第一册.md
31501,豆腐丝,203,850,6.2,21.5,10.5,中国食物成分表_标准版_第一册.md
31502,豆腐丝(干),451,1886,3.7,57.7,22.8,中国食物成分表_标准版_第一册.md
31503,豆腐丝(油),304,1273,14.5,24.2,17.1,中国食物成分表_标准版_第一册.md
31504,豆腐卷,203,849,7.2,17.9,11.6,中国食物成分表_标准版_第一册.md
31506,油豆腐,245,1024,4.9,17,17.6,中国食物成分表_标准版_第一册.md
31507,腐竹,461,1928,22.3,44.6,21.7,中国食物成分表_标准版_第一册.md
31508,枝竹,478,1999,20.8,44.4,24.7,中国食物成分表_标准版_第一册.md
31509,千张[百页],262,1096,5.5,24.5,16,中国食物成分表_标准版_第一册.md
031510x,豆腐干(代表值),197,823,9.6,14.9,11.3,中国食物成分表_标准版_第一册.md
31511,豆腐干(菜干),137,573,5,13.4,7.1,中国食物成分表_标准版_第一册.md
31512,豆腐干(臭干),99,416,4.5,10.2,4.6,中国食物成分表_标准版_第一册.md
31513,豆腐干(酱油干),157,656,4,14.9,9.1,中国食物成分表_标准版_第一册.md
31514,豆腐干(卤干),339,1417,33.4,14.5,16.7,中国食物成分表_标准版_第一册.md
31515,豆腐干(蒲包干),135,566,8.9,12.1,5.7,中国食物成分表_标准版_第一册.md
31516,豆腐干(香干),152,637,5.1,15.8,7.8,中国食物成分表_标准版_第一册.md
31517,豆腐干(小香干),174,729,5.4,17.9,9.1,中国食物成分表_标准版_第一册.md
31518,豆腐干(熏干),154,643,8.8,15.8,6.2,中国食物成分表_标准版_第一册.md
31519,豆肝尖,203,849,9.4,17.2,12,中国食物成分表_标准版_第一册.md
31520,素大肠,155,648,13,18.1,3.6,中国食物成分表_标准版_第一册.md
31521,素火腿,213,890,4.8,19.1,13.2,中国食物成分表_标准版_第一册.md
31522,素鸡,194,810,4.2,16.5,12.5,中国食物成分表_标准版_第一册.md
31523,素鸡丝卷,197,826,10.1,11.2,13.7,中国食物成分表_标准版_第一册.md
31524,素什锦,177,741,8.3,14,10.2,中国食物成分表_标准版_第一册.md
31525,炸素虾,582,2434,19.3,27.6,44.4,中国食物成分表_标准版_第一册.md
31526,烤麸,121,507,9.3,20.4,0.3,中国食物成分表_标准版_第一册.md
31527,豆腐皮,447,1868,12.5,51.6,23,中国食物成分表_标准版_第一册.md
31528,腐竹,485,2024,8.1,54.2,27.2,中国食物成分表_标准版_第一册.md
31529,豆腐干,427,1768,11.4,19.6,35.2,中国食物成分表_标准版_第一册.md
32101,绿豆(干),329,1376,62,21.6,0.8,中国食物成分表_标准版_第一册.md
32102,绿豆面,341,1427,65.8,20.8,0.7,中国食物成分表_标准版_第一册.md
32201,绿豆饼,122,512,12.7,15.2,1.2,中国食物成分表_标准版_第一册.md
33101,"赤小豆(干)[小豆,红小豆]",324,1357,63.4,20.2,0.6,中国食物成分表_标准版_第一册.md
33201,小豆粥,62,259,13.7,1.2,0.4,中国食物成分表_标准版_第一册.md
33204,红豆沙(去皮),244,1035,57.1,4.5,0.1,中国食物成分表_标准版_第一册.md
33205,红豆馅,261,1108,61.7,4.5,0.2,中国食物成分表_标准版_第一册.md
34101,"花豆(干,红)",328,1372,62.7,19.1,1.3,中国食物成分表_标准版_第一册.md
34102,"花豆(干,紫)",330,1380,65.8,17.2,1.4,中国食物成分表_标准版_第一册.md
34103,"芸豆(干,白)",315,1320,57.2,23.4,1.4,中国食物成分表_标准版_第一册.md
34104,"芸豆(干,红)",331,1384,62.5,21.4,1.3,中国食物成分表_标准版_第一册.md
34105,"芸豆(干,虎皮)",341,1427,62.5,22.5,0.9,中国食物成分表_标准版_第一册.md
34106,"芸豆(干,杂,带皮)",327,1369,63.3,22.4,0.6,中国食物成分表_标准版_第一册.md
35101,蚕豆(干),338,1414,61.5,21.6,1,中国食物成分表_标准版_第一册.md
35102,蚕豆(带皮),326,1364,59.9,24.6,1.1,中国食物成分表_标准版_第一册.md
35103,蚕豆(去皮),347,1450,58.9,25.4,1.6,中国食物成分表_标准版_第一册.md
35104,马牙大豆(干),338,1413,59.4,27.2,0.9,中国食物成分表_标准版_第一册.md
35105,脑豆(干),363,1520,59.6,23.4,3.8,中国食物成分表_标准版_第一册.md
35201,蚕豆(烤),377,1577,63.8,27,2,中国食物成分表_标准版_第一册.md
35202,蚕豆(炸)[开花豆],447,1872,40.4,26.7,20,中国食物成分表_标准版_第一册.md
35203,蚕豆(煮),62,259,10.1,4.8,0.5,中国食物成分表_标准版_第一册.md
39101,扁豆(干),339,1420,61.9,25.3,0.4,中国食物成分表_标准版_第一册.md
39102,"扁豆(干,白)",283,1185,55.6,19,1.3,中国食物成分表_标准版_第一册.md
39201,眉豆(干)[饭豇豆],334,1395,65.6,18.6,1.1,中国食物成分表_标准版_第一册.md
39202,豇豆(干),336,1407,65.6,19.3,1.2,中国食物成分表_标准版_第一册.md
39203,"豇豆(干,紫)",329,1375,65.8,18.9,0.4,中国食物成分表_标准版_第一册.md
39204,豇豆(煮),133,556,24,9.5,0.6,中国食物成分表_标准版_第一册.md
39301,豌豆(干),334,1395,65.8,20.3,1.1,中国食物成分表_标准版_第一册.md
39302,豌豆(花),336,1406,63.6,21.6,1,中国食物成分表_标准版_第一册.md
39303,豌豆(煮),107,448,19.2,8.9,0.3,中国食物成分表_标准版_第一册.md
39401,鹰嘴豆[桃豆],340,1433,60.1,21.2,4.2,中国食物成分表_标准版_第一册.md
39901,荆豆(干),407,1702,28.5,43.6,14.3,中国食物成分表_标准版_第一册.md
39902,"木豆(干)[扭豆,豆蓉]",348,1454,58.8,19.8,4.5,中国食物成分表_标准版_第一册.md
41101,白萝卜(鲜)[莱菔],16,67,4,0.7,0.1,中国食物成分表_标准版_第一册.md
41102,卞萝卜[红皮萝卜],18,74,4.2,0.8,0.1,中国食物成分表_标准版_第一册.md
41103,"红旦旦萝卜[樱桃萝卜,小水萝卜]",19,79,4.3,0.8,Tr,中国食物成分表_标准版_第一册.md
41104,红萝卜[卞萝卜],22,91,4.6,1,0.1,中国食物成分表_标准版_第一册.md
41105,红心萝卜[心里美],41,172,9.8,1.2,Tr,中国食物成分表_标准版_第一册.md
41106,花叶萝卜,48,199,11.5,1.2,0.1,中国食物成分表_标准版_第一册.md
41108,水萝卜[脆萝卜],22,94,5.5,0.8,Tr,中国食物成分表_标准版_第一册.md
41109,"小水萝卜[算盘子,红皮萝卜]",21,88,4.2,1.1,0.2,中国食物成分表_标准版_第一册.md
41110,红心萝卜[心里美],23,96,4.9,0.8,0.2,中国食物成分表_标准版_第一册.md
41112,白萝卜(圆),16,66,3.6,0.7,0.2,中国食物成分表_标准版_第一册.md
41113,青萝卜,29,121,6.9,1.2,0.2,中国食物成分表_标准版_第一册.md
41115,樱桃萝卜,12,52,3,0.9,0.1,中国食物成分表_标准版_第一册.md
41201,"胡萝卜(红)[金笋,丁香萝卜]",39,162,8.8,1,0.2,中国食物成分表_标准版_第一册.md
41202,胡萝卜(黄),46,191,10.2,1.4,0.2,中国食物成分表_标准版_第一册.md
41203,胡萝卜(脱水),333,1392,77.9,4.2,1.9,中国食物成分表_标准版_第一册.md
41204,胡萝卜,32,133,8.1,1,0.2,中国食物成分表_标准版_第一册.md
41301,"芥菜头[大头菜,水芥]",36,151,7.4,1.9,0.2,中国食物成分表_标准版_第一册.md
41302,"芜蓝[玉菱菁,球茎甘蓝,大头菜]",32,136,7,1.3,0.2,中国食物成分表_标准版_第一册.md
41401,"甜菜根(鲜)[甜菜头,糖萝卜]",87,364,23.5,1,0.1,中国食物成分表_标准版_第一册.md
41402,根芹[根洋芹、球根塘蒿],38,160,10,2.2,0.1,中国食物成分表_标准版_第一册.md
41403,紫菜头,42,178,10.6,1.8,0.2,中国食物成分表_标准版_第一册.md
42101,扁豆[月亮菜],41,172,8.2,2.7,0.2,中国食物成分表_标准版_第一册.md
42102,蚕豆(鲜),111,463,19.5,8.8,0.4,中国食物成分表_标准版_第一册.md
42103,刀豆(鲜),40,165,7,3.1,0.3,中国食物成分表_标准版_第一册.md
42104,豆角,34,144,6.7,2.5,0.2,中国食物成分表_标准版_第一册.md
42105,"豆角(鲜,白)",35,146,7.4,2.2,0.2,中国食物成分表_标准版_第一册.md
42106,荷兰豆,30,123,4.9,2.5,0.3,中国食物成分表_标准版_第一册.md
42107,龙豆(鲜),36,149,5,3.7,0.5,中国食物成分表_标准版_第一册.md
42108,龙牙豆(鲜)[玉豆],19,80,2.4,2.6,0.2,中国食物成分表_标准版_第一册.md
42109,"毛豆(鲜)[青豆,菜用大豆]",131,550,10.5,13.1,5,中国食物成分表_标准版_第一册.md
42110,四季豆(菜豆),31,131,5.7,2,0.4,中国食物成分表_标准版_第一册.md
42111,"豌豆(带荚,鲜)[回回豆]",111,465,21.2,7.4,0.3,中国食物成分表_标准版_第一册.md
42112,豌豆尖,225,943,53.9,3.1,Tr,中国食物成分表_标准版_第一册.md
42113,油豆角(鲜)[多花菜豆],25,103,3.9,2.4,0.3,中国食物成分表_标准版_第一册.md
42114,垅船豆(鲜),36,151,6.8,2,0.4,中国食物成分表_标准版_第一册.md
42115,芸豆(鲜),30,123,7.4,0.8,0.1,中国食物成分表_标准版_第一册.md
42117,豇豆(长),32,135,5.8,2.7,0.2,中国食物成分表_标准版_第一册.md
42118,扁豆,32,133,7.4,2.3,0.2,中国食物成分表_标准版_第一册.md
42119,豇豆,32,134,7.3,2.2,0.3,中国食物成分表_标准版_第一册.md
42120,四季豆[菜豆、芸豆],24,101,6,2,0.2,中国食物成分表_标准版_第一册.md
42121,四棱豆[杨桃豆、翅豆],19,79,4.2,2,0.2,中国食物成分表_标准版_第一册.md
42122,甜脆荷兰豆[甜豆],32,131,8.1,3,0.3,中国食物成分表_标准版_第一册.md
42201,发芽豆,131,548,19.4,12.4,0.7,中国食物成分表_标准版_第一册.md
42202,黄豆芽,47,198,4.5,4.5,1.6,中国食物成分表_标准版_第一册.md
42205,黄豆芽,39,163,3.6,4.4,1.6,中国食物成分表_标准版_第一册.md
42206,绿豆芽,16,65,2.6,1.7,0.1,中国食物成分表_标准版_第一册.md
42207,黑豆苗,30,125,2.6,4.4,0.8,中国食物成分表_标准版_第一册.md
42208,豌豆苗,32,132,2.6,4.8,0.8,中国食物成分表_标准版_第一册.md
043101x,茄子(代表值),23,97,4.9,1.1,0.2,中国食物成分表_标准版_第一册.md
43102,茄子(绿皮),28,116,5.2,1,0.6,中国食物成分表_标准版_第一册.md
43103,茄子(圆),32,132,6.7,1.6,0.2,中国食物成分表_标准版_第一册.md
43106,"番茄(整个,罐头)",22,93,2.6,2,0.6,中国食物成分表_标准版_第一册.md
43107,奶柿子[西红柿],14,61,3.2,0.6,0.1,中国食物成分表_标准版_第一册.md
43108,"辣椒(红,尖,干)",295,1236,52.7,15,12,中国食物成分表_标准版_第一册.md
43109,"辣椒(红,小)",38,159,8.9,1.3,0.4,中国食物成分表_标准版_第一册.md
43112,甜椒(脱水),324,1355,76.6,7.6,0.4,中国食物成分表_标准版_第一册.md
43113,葫芦,29,122,6.8,0.7,0.1,中国食物成分表_标准版_第一册.md
43115,茄子(白皮、长),21,88,5.5,1.3,0.1,中国食物成分表_标准版_第一册.md
43116,茄子(紫皮、长),18,77,4.8,1.1,0.1,中国食物成分表_标准版_第一册.md
43117,茄子(紫皮、圆),23,95,5.3,0.8,0.2,中国食物成分表_标准版_第一册.md
43118,香瓜茄,21,88,5.5,0.6,Tr,中国食物成分表_标准版_第一册.md
43119,番茄[西红柿],15,62,3.3,0.9,0.2,中国食物成分表_标准版_第一册.md
43120,樱桃番茄[小西红柿],25,107,5.8,1,0.2,中国食物成分表_标准版_第一册.md
43121,辣椒(小红尖辣椒),62,254,17.7,4.1,0.4,中国食物成分表_标准版_第一册.md
43122,辣椒(小红尖辣椒、干),298,1227,57.4,15.4,12,中国食物成分表_标准版_第一册.md
43123,辣椒(青、尖),22,91,5.2,0.8,0.3,中国食物成分表_标准版_第一册.md
43124,甜椒[灯笼椒、柿子椒],18,77,3.8,1,0.2,中国食物成分表_标准版_第一册.md
43125,彩椒,26,109,6.4,1.3,0.2,中国食物成分表_标准版_第一册.md
43126,秋葵[黄秋葵、羊角豆],25,104,6.2,1.8,0.2,中国食物成分表_标准版_第一册.md
43201,白瓜,12,51,2.6,0.9,,中国食物成分表_标准版_第一册.md
43202,"菜瓜[生瓜,白瓜]",19,79,3.9,0.6,0.2,中国食物成分表_标准版_第一册.md
43204,方瓜,14,60,3.1,0.8,Tr,中国食物成分表_标准版_第一册.md
43205,"佛手瓜[棒瓜,菜肴梨]",18,77,3.8,1.2,0.1,中国食物成分表_标准版_第一册.md
43206,"葫芦[长瓜,蒲瓜,瓠瓜]",16,67,3.5,0.7,0.1,中国食物成分表_标准版_第一册.md
43207,葫芦条(干),256,1069,64.6,4.3,1.8,中国食物成分表_标准版_第一册.md
43208,黄瓜(鲜)[胡瓜],16,65,2.9,0.8,0.2,中国食物成分表_标准版_第一册.md
43209,节瓜[毛瓜],14,61,3.4,0.6,0.1,中国食物成分表_标准版_第一册.md
43210,金瓜,15,63,3.4,0.5,0.1,中国食物成分表_标准版_第一册.md
43211,金丝瓜[裸瓣瓜],38,161,2.2,3.3,2,中国食物成分表_标准版_第一册.md
43212,"苦瓜(鲜)[凉瓜,癞瓜]",22,91,4.9,1,0.1,中国食物成分表_标准版_第一册.md
43213,"南瓜(鲜)[倭瓜,番瓜]",23,97,5.3,0.7,0.1,中国食物成分表_标准版_第一册.md
43214,南瓜粉,343,1434,79.6,7.1,2.1,中国食物成分表_标准版_第一册.md
43215,"蛇瓜[蛇豆,大豆角]",18,77,3.9,1.5,0.1,中国食物成分表_标准版_第一册.md
43217,笋瓜[生瓜],13,54,3.1,0.5,,中国食物成分表_标准版_第一册.md
43218,西葫芦,19,79,3.8,0.8,0.2,中国食物成分表_标准版_第一册.md
43219,面西胡瓜,10,44,1.8,0.8,Tr,中国食物成分表_标准版_第一册.md
43220,小西胡瓜,22,92,4.8,0.7,0.1,中国食物成分表_标准版_第一册.md
43221,冬瓜,10,43,2.4,0.3,0.2,中国食物成分表_标准版_第一册.md
43222,飞碟瓜,18,73,4.4,1,0.1,中国食物成分表_标准版_第一册.md
43223,黄金西葫芦,17,70,3.6,1.8,0.1,中国食物成分表_标准版_第一册.md
43224,黄茎瓜 [小南瓜],19,81,2,1.2,0.9,中国食物成分表_标准版_第一册.md
43225,迷你黄瓜 [荷兰乳黄瓜],14,59,2.5,1,0.2,中国食物成分表_标准版_第一册.md
43226,秋黄瓜 [旱黄瓜],14,57,2.5,0.9,0.2,中国食物成分表_标准版_第一册.md
43227,南瓜 (栗面),36,153,8.8,1.4,0.1,中国食物成分表_标准版_第一册.md
43228,丝瓜,20,82,4,1.3,0.2,中国食物成分表_标准版_第一册.md
44101,"大蒜(白皮,鲜)[蒜头]",128,536,27.6,4.5,0.2,中国食物成分表_标准版_第一册.md
44102,大蒜(脱水),348,1456,75.4,13.2,0.3,中国食物成分表_标准版_第一册.md
44103,"大蒜(紫皮,鲜)[蒜头]",139,580,29.6,5.2,0.2,中国食物成分表_标准版_第一册.md
44104,青蒜(青葱),34,141,6.2,2.4,0.3,中国食物成分表_标准版_第一册.md
44105,蒜黄(黄色),24,101,3.8,2.5,0.2,中国食物成分表_标准版_第一册.md
44106,"蒜苗(绿色,青蒜)",40,169,8,2.1,0.4,中国食物成分表_标准版_第一册.md
44107,蒜薹(圆),66,274,15.4,2,0.1,中国食物成分表_标准版_第一册.md
44202,大葱(红皮),49,204,10.2,2.4,0.1,中国食物成分表_标准版_第一册.md
44203,"分葱[四季葱,菜葱]",34,143,5.1,2.2,0.7,中国食物成分表_标准版_第一册.md
44205,"葱(小葱,鲜)",27,112,4.9,1.6,0.4,中国食物成分表_标准版_第一册.md
44206,大葱,28,115,5.8,1.6,0.3,中国食物成分表_标准版_第一册.md
44207,细香葱[香葱、四季葱],28,116,6.6,1.4,0.3,中国食物成分表_标准版_第一册.md
44301,洋葱(鲜)[葱头],40,169,9,1.1,0.2,中国食物成分表_标准版_第一册.md
44302,"洋葱(白皮,脱水)",342,1430,81.9,5.5,0.4,中国食物成分表_标准版_第一册.md
44303,"洋葱(紫皮,脱水)",339,1417,80.6,6.9,0.4,中国食物成分表_标准版_第一册.md
44402,韭黄（韭芽，黄色）,24,101,3.9,2.3,0.2,中国食物成分表_标准版_第一册.md
44403,韭菜,37,155,7.8,2.2,0.1,中国食物成分表_标准版_第一册.md
44404,韭菜,25,102,4.5,2.4,0.4,中国食物成分表_标准版_第一册.md
44501,薤[咬头],1,3,,,,中国食物成分表_标准版_第一册.md
44502,"薤白(鲜)[小根蒜,山蒜,团蒜]",124,518,27.1,3.4,0.4,中国食物成分表_标准版_第一册.md
045101x,大白菜（代表值）,20,82,3.4,1.6,0.2,中国食物成分表_标准版_第一册.md
45102,大白菜（白梗）[黄芽白],22,93,3.7,1.7,0.2,中国食物成分表_标准版_第一册.md
45103,大白菜（青白口）,17,70,3,1.4,0.1,中国食物成分表_标准版_第一册.md
45104,大白菜（小白口）,16,65,2.8,1.3,0.1,中国食物成分表_标准版_第一册.md
45105,白菜（脱水）,305,1275,72.9,6.2,0.8,中国食物成分表_标准版_第一册.md
45108,"白菜薹[菜薹,菜心]",28,118,4,2.8,0.5,中国食物成分表_标准版_第一册.md
45109,红菜薹[紫菜薹],43,180,2.7,2.9,2.5,中国食物成分表_标准版_第一册.md
45110,瓢儿白[瓢儿菜],18,76,3.2,1.7,0.2,中国食物成分表_标准版_第一册.md
45111,"乌菜[乌塌菜,塌棵菜]",28,117,4.2,2.6,0.4,中国食物成分表_标准版_第一册.md
45113,油菜（黑）,19,79,2.9,1.8,0.2,中国食物成分表_标准版_第一册.md
45114,油菜（脱水）,316,1321,74.3,7.6,0.6,中国食物成分表_标准版_第一册.md
45115,油菜（小）,12,50,1.6,1.3,0.2,中国食物成分表_标准版_第一册.md
45116,油菜薹[菜薹],24,102,3,3.2,0.4,中国食物成分表_标准版_第一册.md
45117,大白菜（白口）,14,61,2.9,1,0.1,中国食物成分表_标准版_第一册.md
45118,大白菜（青口）,12,50,2.6,1.1,0.1,中国食物成分表_标准版_第一册.md
45119,酸白菜[酸菜],10,40,2.6,0.7,0.2,中国食物成分表_标准版_第一册.md
45120,小白菜[青菜],14,59,2.4,1.4,0.3,中国食物成分表_标准版_第一册.md
45121,奶白菜,21,89,3.3,2.7,0.2,中国食物成分表_标准版_第一册.md
45122,鸡毛菜,19,79,2.6,2.7,0.2,中国食物成分表_标准版_第一册.md
45123,娃娃菜,13,52,2.4,1.9,0.2,中国食物成分表_标准版_第一册.md
45124,乌塌菜[塌菜、塌棵菜],13,55,2.6,1.8,0.1,中国食物成分表_标准版_第一册.md
45125,油菜,14,57,2,1.3,0.5,中国食物成分表_标准版_第一册.md
45126,油菜心,15,63,2.7,1.3,0.4,中国食物成分表_标准版_第一册.md
45201,圆白菜，卷心菜,24,101,4.6,1.5,0.2,中国食物成分表_标准版_第一册.md
45203,菜花（脱水）[脱水花椰菜],312,1306,76.8,6.5,0.6,中国食物成分表_标准版_第一册.md
45205,芥菜（鲜）[雪里红，雪菜],27,114,4.7,2,0.4,中国食物成分表_标准版_第一册.md
45206,芥菜（大叶，鲜）[盖菜],16,69,2,1.8,0.4,中国食物成分表_标准版_第一册.md
45207,芥菜（茎用，鲜）[青头菜],13,53,2.8,1.3,0.2,中国食物成分表_标准版_第一册.md
45208,芥菜（小叶，鲜）[小芥菜],26,109,3.6,2.5,0.4,中国食物成分表_标准版_第一册.md
45210,结球甘蓝（绿）[圆白菜],17,70,4,0.9,0.2,中国食物成分表_标准版_第一册.md
45211,结球甘蓝（紫）[圆白菜],25,106,6.2,1.2,0.2,中国食物成分表_标准版_第一册.md
45212,抱子甘蓝[小圆白菜],36,150,8.8,3.5,0.2,中国食物成分表_标准版_第一册.md
45213,羽衣甘蓝,69,289,5.7,5,0.4,中国食物成分表_标准版_第一册.md
45214,盖菜,13,55,2.8,1.5,0.2,中国食物成分表_标准版_第一册.md
45215,芥蓝[甘蓝菜、盖蓝菜],24,98,4.1,3.1,0.3,中国食物成分表_标准版_第一册.md
45216,菜花（白色）[花椰菜],20,83,4.2,1.7,0.2,中国食物成分表_标准版_第一册.md
45217,西兰花[绿菜花],27,111,3.7,3.5,0.6,中国食物成分表_标准版_第一册.md
45301,菠菜（鲜）[赤根菜],28,116,4.5,2.6,0.3,中国食物成分表_标准版_第一册.md
45302,菠菜（脱水）,308,1290,75.7,6.4,0.6,中国食物成分表_标准版_第一册.md
45303,冬寒菜（鲜）[冬苋菜，冬葵],34,144,4.9,3.9,0.4,中国食物成分表_标准版_第一册.md
45305,"胡萝卜缨(红,鲜)",48,199,11.3,1.7,0.4,中国食物成分表_标准版_第一册.md
45306,"苦菜[节节花,拒马菜]",46,192,10,2.8,0.6,中国食物成分表_标准版_第一册.md
45307,萝卜缨(白),17,72,1.7,2.6,0.3,中国食物成分表_标准版_第一册.md
45308,萝卜缨(青),38,159,7.6,3.1,0.1,中国食物成分表_标准版_第一册.md
45309,萝卜缨(小萝卜),23,95,4.1,1.6,0.3,中国食物成分表_标准版_第一册.md
45310,"落葵[木耳菜,软浆菜]",23,97,4.3,1.6,0.3,中国食物成分表_标准版_第一册.md
45312,芹菜茎,22,93,4.5,1.2,0.2,中国食物成分表_标准版_第一册.md
45313,芹菜叶(鲜),35,146,5.9,2.6,0.6,中国食物成分表_标准版_第一册.md
45316,甜菜叶(鲜),22,90,4,1.8,0.1,中国食物成分表_标准版_第一册.md
45317,香菜(鲜)[芜荽],33,139,6.2,1.8,0.4,中国食物成分表_标准版_第一册.md
45318,香菜(脱水),310,1296,71.2,7.4,1.3,中国食物成分表_标准版_第一册.md
45319,"苋菜(绿,鲜)",30,123,5,2.8,0.3,中国食物成分表_标准版_第一册.md
45320,"苋菜(紫,鲜)[红苋]",35,146,5.9,2.8,0.4,中国食物成分表_标准版_第一册.md
45321,"茼蒿(鲜)[蓬蒿菜,艾菜]",24,98,3.9,1.9,0.3,中国食物成分表_标准版_第一册.md
45322,茴香(鲜)[小茴香],27,114,4.2,2.5,0.4,中国食物成分表_标准版_第一册.md
45323,"荠菜(鲜)[蓟菜,菱角菜]",31,128,4.7,2.9,0.4,中国食物成分表_标准版_第一册.md
45324,莴笋(鲜)[莴苣],15,62,2.8,1,0.1,中国食物成分表_标准版_第一册.md
45327,番杏[新西兰菠菜、夏菠菜],15,64,3.1,1.8,0.1,中国食物成分表_标准版_第一册.md
45328,樱桃萝卜缨,14,59,2.7,2,0.1,中国食物成分表_标准版_第一册.md
45329,白凤菜,16,66,4,1.6,0.2,中国食物成分表_标准版_第一册.md
45330,紫背天葵[红风菜、血皮菜],18,73,3.8,1.9,,中国食物成分表_标准版_第一册.md
45331,"芹菜(茎)[旱芹,药芹]",13,55,3.1,0.4,0.2,中国食物成分表_标准版_第一册.md
45332,"西芹[西洋芹菜,美芹]",17,72,4.8,0.6,0.1,中国食物成分表_标准版_第一册.md
45333,生菜 [叶用莴苣],12,51,1.1,1.6,0.4,中国食物成分表_标准版_第一册.md
45334,油麦菜,12,50,2.1,1.1,0.4,中国食物成分表_标准版_第一册.md
45335,叶甜菜 (白梗),13,53,2.8,1.6,0.1,中国食物成分表_标准版_第一册.md
45336,莴笋叶 [莴苣菜],15,62,2.9,1,0.2,中国食物成分表_标准版_第一册.md
45337,蔬菜 [空心菜、藤藤菜],19,77,4,2.2,0.2,中国食物成分表_标准版_第一册.md
45338,观达菜 [根达菜、牛皮菜],23,95,4.5,1.9,0.3,中国食物成分表_标准版_第一册.md
45339,球茎茴香 [甜茴香、意大利茴香],17,71,4.7,1.2,Tr,中国食物成分表_标准版_第一册.md
45401,竹笋 (鲜),23,96,3.6,2.6,0.2,中国食物成分表_标准版_第一册.md
45402,白笋 (干),282,1180,57.1,26,4,中国食物成分表_标准版_第一册.md
45403,鞭笋 (鲜) [马鞭笋],24,100,6.7,2.6,Tr,中国食物成分表_标准版_第一册.md
45404,春笋 (鲜),25,106,5.1,2.4,0.1,中国食物成分表_标准版_第一册.md
45405,冬笋 (鲜),42,174,6.5,4.1,0.1,中国食物成分表_标准版_第一册.md
45406,黑笋 (干),268,1120,57.5,17.6,2.4,中国食物成分表_标准版_第一册.md
45407,毛笋 (鲜) [毛竹笋],23,97,3.8,2.2,0.2,中国食物成分表_标准版_第一册.md
45408,玉兰片,66,275,18.6,2.6,0.4,中国食物成分表_标准版_第一册.md
45409,百合 (鲜),166,692,38.8,3.2,0.1,中国食物成分表_标准版_第一册.md
45411,百合 (脱水),346,1449,79.1,8.1,0.1,中国食物成分表_标准版_第一册.md
45412,金针菜 (鲜) [黄花菜],214,897,34.9,19.4,1.4,中国食物成分表_标准版_第一册.md
45413,菊苣,19,79,3.4,1.3,0.2,中国食物成分表_标准版_第一册.md
45415,芦笋 (绿) [石刁柏、龙须菜],19,79,3.3,2.6,0.1,中国食物成分表_标准版_第一册.md
45416,芦笋 (紫),22,92,3.4,2.7,0.2,中国食物成分表_标准版_第一册.md
45417,结球菊苣 (红),17,72,3.4,1.8,0.2,中国食物成分表_标准版_第一册.md
45418,软化白菊苣,17,70,3.1,1.5,0.2,中国食物成分表_标准版_第一册.md
45419,穿心莲,17,71,2.5,1.7,,中国食物成分表_标准版_第一册.md
45420,红薯叶,27,112,5.1,3.1,Tr,中国食物成分表_标准版_第一册.md
45421,南瓜藤,17,73,3.2,1.7,0,中国食物成分表_标准版_第一册.md
45422,三七尖,21,86,4,2.3,0.2,中国食物成分表_标准版_第一册.md
45423,棠梨花,58,244,9.1,3.5,0.8,中国食物成分表_标准版_第一册.md
45424,洋丝瓜苗,29,123,2.2,4.4,0.3,中国食物成分表_标准版_第一册.md
46001,"慈姑(鲜)[乌芋,白地果]",97,406,19.9,4.6,0.2,中国食物成分表_标准版_第一册.md
46002,"豆瓣菜(鲜)[西洋菜,水田芥]",20,82,1.5,2.9,0.5,中国食物成分表_标准版_第一册.md
46003,"菱角(老,鲜)[龙角]",101,423,21.4,4.5,0.1,中国食物成分表_标准版_第一册.md
46005,"蒲菜(鲜)[香蒲,甘蒲,野菱白]",14,56,2.4,1.2,0.1,中国食物成分表_标准版_第一册.md
46006,水芹菜,13,54,1.8,1.4,0.2,中国食物成分表_标准版_第一册.md
46007,"茭白(鲜)[菱笋,菱粑]",26,110,5.9,1.2,0.2,中国食物成分表_标准版_第一册.md
46008,"荸荠(鲜)[马蹄,地栗]",61,256,14.2,1.2,0.2,中国食物成分表_标准版_第一册.md
46009,莼菜(瓶装)[花案菜],21,87,3.8,1.4,0.1,中国食物成分表_标准版_第一册.md
46010,藕[莲藕],47,200,11.5,1.2,0.2,中国食物成分表_标准版_第一册.md
46011,红菱,165,695,40.9,5.7,0.3,中国食物成分表_标准版_第一册.md
47101,大薯(鲜)[参薯],108,450,24.9,2.1,0.2,中国食物成分表_标准版_第一册.md
47102,"豆薯(鲜)[凉薯,地瓜,沙葛]",56,236,13.4,0.9,0.1,中国食物成分表_标准版_第一册.md
47103,"葛(鲜)[葛署,粉葛]",150,628,36.1,2.2,0.2,中国食物成分表_标准版_第一册.md
47104,"山药(鲜)[薯蓣,大薯]",57,240,12.4,1.9,0.2,中国食物成分表_标准版_第一册.md
47105,山药(干),327,1368,70.8,9.4,1,中国食物成分表_标准版_第一册.md
47202,槟榔芋(鲜),90,374,19.7,3,0.1,中国食物成分表_标准版_第一册.md
47203,芋头 [芋芳、毛芋],56,236,12.7,1.3,0.2,中国食物成分表_标准版_第一册.md
47204,芋头(煮),60,251,13,2.9,0.1,中国食物成分表_标准版_第一册.md
47301,姜(鲜)[黄姜],46,194,10.3,1.3,0.6,中国食物成分表_标准版_第一册.md
47302,姜(干),308,1290,64,9.1,5.7,中国食物成分表_标准版_第一册.md
47303,"姜(子姜,鲜)[嫩姜]",21,89,3.7,0.7,0.6,中国食物成分表_标准版_第一册.md
47304,"洋姜(鲜)[菊芋,鬼子姜]",64,269,15.8,2.4,Tr,中国食物成分表_标准版_第一册.md
48001,艾蒿,,,3.6,,,中国食物成分表_标准版_第一册.md
48002,白花菜,,,0,,,中国食物成分表_标准版_第一册.md
48003,白花桔梗,,,,,,中国食物成分表_标准版_第一册.md
48004,白沙蒿（鲜）[沙蒿],56,232,8.5,4.3,0.9,中国食物成分表_标准版_第一册.md
48005,白沙蒿子（干）[沙蒿子],412,1722,41,27.9,15.1,中国食物成分表_标准版_第一册.md
48006,白薯叶（鲜）[甘薯叶],60,249,9,4.8,0.7,中国食物成分表_标准版_第一册.md
48007,百里香（鲜）,,,,,,中国食物成分表_标准版_第一册.md
48008,败酱（鲜）[胭脂麻],69,290,17.3,1.5,1,中国食物成分表_标准版_第一册.md
48009,扁蓄菜（鲜）[竹节草],75,313,12.4,6,0.6,中国食物成分表_标准版_第一册.md
48010,朝鲜蓟（鲜）,54,226,10.9,2.7,0.2,中国食物成分表_标准版_第一册.md
48011,刺儿菜（鲜）[小蓟，蓟蓟菜],42,174,5.9,4.5,0.4,中国食物成分表_标准版_第一册.md
48012,刺楸（鲜）,,,,,,中国食物成分表_标准版_第一册.md
48013,"达乌里胡枝子（鲜）[牛枝 子,豆豆苗]",117,491,23.1,7,1,中国食物成分表_标准版_第一册.md
48014,达乌里胡枝子子（鲜）[牛 枝子子，豆豆苗子],367,1535,41.7,36.8,8.3,中国食物成分表_标准版_第一册.md
48015,大玻璃草叶(鲜)[大车前],49,206,8.8,4.4,0.3,中国食物成分表_标准版_第一册.md
48016,"大巢菜(鲜)[野苔子,野豌豆]",63,264,13.6,3.8,0.5,中国食物成分表_标准版_第一册.md
48017,大蓟叶(鲜)[飞廉叶],38,158,5.5,1.5,1.4,中国食物成分表_标准版_第一册.md
48018,"地肤(鲜)[益明,扫帚苗]",65,273,10.4,5.2,0.8,中国食物成分表_标准版_第一册.md
48019,"地笋(鲜)[地古牛,地瓜儿苗叶]",69,288,13.7,4.3,0.7,中国食物成分表_标准版_第一册.md
48020,豆腐柴(鲜),,,,,,中国食物成分表_标准版_第一册.md
48021,独行菜(鲜),19,75,,2,,中国食物成分表_标准版_第一册.md
48022,"独行菜(宽,鲜)",,,,,,中国食物成分表_标准版_第一册.md
48024,胡枝子(鲜)[山豆子],138,579,29.6,5.3,2.2,中国食物成分表_标准版_第一册.md
48025,"槐花(鲜)[洋槐花,豆槐花]",82,344,17,3.1,0.7,中国食物成分表_标准版_第一册.md
48026,黄麻叶(鲜),42,177,5.8,4.7,0.3,中国食物成分表_标准版_第一册.md
48027,"碱蓬(鲜)[棉蓬,猪毛菜]",33,138,5.2,2.8,0.3,中国食物成分表_标准版_第一册.md
48028,苦苦菜(鲜),42,174,6.8,2.5,0.9,中国食物成分表_标准版_第一册.md
48029,轮叶党参,,,,,,中国食物成分表_标准版_第一册.md
48030,罗勒[兰香],26,108,4.6,3.8,,中国食物成分表_标准版_第一册.md
48031,"马齿苋(鲜)[长寿菜,瓜子菜]",28,117,3.9,2.3,0.5,中国食物成分表_标准版_第一册.md
48032,"马兰头(鲜)[马兰,鸡儿肠,路边菊]",28,119,4.6,2.4,0.4,中国食物成分表_标准版_第一册.md
48033,麦瓶草(鲜)[米瓦罐],38,159,4.4,4.5,0.5,中国食物成分表_标准版_第一册.md
48034,牛至,,,,,,中国食物成分表_标准版_第一册.md
48035,牛蒡叶(鲜),42,174,5.1,4.7,0.8,中国食物成分表_标准版_第一册.md
48036,爬景天(鲜)[石头菜],21,87,3.5,0.6,0.7,中国食物成分表_标准版_第一册.md
48037,喷瓜,,,,,,中国食物成分表_标准版_第一册.md
48038,"婆罗门参(白,鲜)",,,,,,中国食物成分表_标准版_第一册.md
48039,"婆罗门参(黑,鲜)[鸦葱]",,,,,0.1,中国食物成分表_标准版_第一册.md
48040,"蒲公英叶(鲜)[黄花苗叶, 孝字丁叶]",53,221,7,4.8,1.1,中国食物成分表_标准版_第一册.md
48041,"掐不齐(鲜)[鸡眼草,牛黄草]",110,462,23.6,6.1,1.4,中国食物成分表_标准版_第一册.md
48042,清明菜(鲜)[鼠曲菜],49,206,8.9,3.1,0.6,中国食物成分表_标准版_第一册.md
48044,沙参叶(鲜)[白参],93,390,21.6,0.8,1.6,中国食物成分表_标准版_第一册.md
48045,沙蓬子(鲜)[沙米],349,1459,50.6,21.5,8.1,中国食物成分表_标准版_第一册.md
48046,山苦荚叶(鲜)[启明菜叶],33,139,5.6,2.2,0.4,中国食物成分表_标准版_第一册.md
48047,食用大黄(鲜),9,39,1.5,1.6,,中国食物成分表_标准版_第一册.md
48048,食用黄麻,22,94,,0.9,0.1,中国食物成分表_标准版_第一册.md
48049,酸模(鲜),17,72,,1.7,0.2,中国食物成分表_标准版_第一册.md
48050,汤菜(鲜),24,99,3.4,1.8,0.5,中国食物成分表_标准版_第一册.md
48051,土三七(鲜)[景天三七],48,200,9,2.1,0.7,中国食物成分表_标准版_第一册.md
48052,"歪头菜(鲜)[草豆,二叶萩]",74,308,17.9,2.5,0.3,中国食物成分表_标准版_第一册.md
48053,梧桐子(鲜)[瓢儿果],560,2341,30.1,23.6,38.8,中国食物成分表_标准版_第一册.md
48054,夏枯草(鲜)[铁色草],63,265,12.7,2.5,0.7,中国食物成分表_标准版_第一册.md
48055,香椿(鲜)[香椿芽],50,211,10.9,1.7,0.4,中国食物成分表_标准版_第一册.md
48056,香茅,17,72,,1.7,0.2,中国食物成分表_标准版_第一册.md
48057,小旋花(鲜)[狗儿蔓],60,251,15.4,,0.5,中国食物成分表_标准版_第一册.md
48058,"鸭跖草(鲜)[竹叶菜,淡竹叶]",34,144,5.7,2.8,0.3,中国食物成分表_标准版_第一册.md
48059,"野葱(鲜)[沙葱,麦葱]",36,152,6.7,2.7,0.2,中国食物成分表_标准版_第一册.md
48060,野韭菜(鲜)[山韭],44,182,7.2,3.7,0.9,中国食物成分表_标准版_第一册.md
48061,野菊(鲜),46,195,9,3.2,0.5,中国食物成分表_标准版_第一册.md
48062,"野蒜(鲜)[小蒜,野葱]",34,144,7.7,1,0.4,中国食物成分表_标准版_第一册.md
48063,野苋菜(鲜)[假苋菜],62,260,9.5,5.5,0.6,中国食物成分表_标准版_第一册.md
48064,菌陈蒿(鲜)[菌陈],65,273,12,5.6,0.4,中国食物成分表_标准版_第一册.md
48065,榆钱(鲜),45,187,7.6,4.8,0.4,中国食物成分表_标准版_第一册.md
48067,珍珠花菜,17,72,,1.7,0.2,中国食物成分表_标准版_第一册.md
48068,紫花桔梗,22,94,,0.9,0.1,中国食物成分表_标准版_第一册.md
48069,紫萼香茶菜,17,72,,1.7,0.2,中国食物成分表_标准版_第一册.md
48070,"苣荬菜(尖叶)[取莴菜,苦麻子]",19,75,,2,0,中国食物成分表_标准版_第一册.md
48072,苜蓿子(干)[紫苜蓿子],359,1501,39.9,36.4,8.7,中国食物成分表_标准版_第一册.md
48073,茼芹(鲜),22,94,17,0.9,0.1,中国食物成分表_标准版_第一册.md
48074,荞菜(鲜)[野荞],13,54,2.7,0.7,0.2,中国食物成分表_标准版_第一册.md
48075,菱蒿(鲜),57,239,9,3.7,0.7,中国食物成分表_标准版_第一册.md
48076,"蕨菜(鲜)[龙头菜,如意菜]",42,177,9,1.6,0.4,中国食物成分表_标准版_第一册.md
48077,蕨菜(脱水),302,1265,79.7,6.6,0.9,中国食物成分表_标准版_第一册.md
48078,蕨麻(干)[鹅绒委陵菜],357,1492,75,12.6,1.4,中国食物成分表_标准版_第一册.md
48079,"枸杞菜(鲜)[枸杞,地骨]",47,197,4.5,5.6,1.1,中国食物成分表_标准版_第一册.md
48080,"酢浆草(鲜)[酸酸草,酸溜溜]",66,278,12.4,3.1,0.5,中国食物成分表_标准版_第一册.md
48081,苦苣菜[苦菜、天精菜],32,136,4.5,3.1,0.6,中国食物成分表_标准版_第一册.md
48082,苜蓿[草头、金花菜],35,148,2.9,5,0.7,中国食物成分表_标准版_第一册.md
48083,鱼腥草(叶)[蕨菜、臭菜],32,131,10.7,2.1,0.1,中国食物成分表_标准版_第一册.md
48084,鱼腥草(根),63,261,19.5,2.1,0.1,中国食物成分表_标准版_第一册.md
48085,刺五加尖,69,292,10.2,4.8,1,中国食物成分表_标准版_第一册.md
48086,枸杞叶,34,142,5.3,3,1.3,中国食物成分表_标准版_第一册.md
48087,"灰灰菜(干,藜)",312,1322,56.2,18.3,1.5,中国食物成分表_标准版_第一册.md
48088,荆芥,26,111,4.3,2.6,,中国食物成分表_标准版_第一册.md
51001,草菇[大黑头细花草、稻菇],27,112,4.3,2.7,0.2,中国食物成分表_标准版_第一册.md
51002,大红菇(干)[草质红菇],263,1099,50.9,24.4,2.8,中国食物成分表_标准版_第一册.md
51003,地衣(水浸),10,40,1.8,1.5,Tr,中国食物成分表_标准版_第一册.md
51004,冬菇(干)[毛柄金线菌],277,1158,64.6,17.8,1.3,中国食物成分表_标准版_第一册.md
51005,猴头菇(罐装),21,87,4.9,2,0.2,中国食物成分表_标准版_第一册.md
51006,黄蘑(干),203,851,40.1,16.4,1.5,中国食物成分表_标准版_第一册.md
51007,黄蘑(水发),30,126,4.8,4.3,0.4,中国食物成分表_标准版_第一册.md
51008,金针菇(鲜)[智力菇],32,133,6,2.4,0.4,中国食物成分表_标准版_第一册.md
51009,金针菇(罐装),26,108,6.7,1,Tr,中国食物成分表_标准版_第一册.md
51010,口蘑(白磨),277,1162,31.6,38.7,3.3,中国食物成分表_标准版_第一册.md
51011,蘑菇(鲜蘑),24,100,4.1,2.7,0.1,中国食物成分表_标准版_第一册.md
51013,"木耳(干)[黑木耳,云耳]",265,1107,65.6,12.1,1.5,中国食物成分表_标准版_第一册.md
51014,"木耳(水发)[黑木耳,云耳]",27,112,6,1.5,0.2,中国食物成分表_标准版_第一册.md
51015,"平菇[糙皮侧耳,青蘑]",24,101,4.6,1.9,0.3,中国食物成分表_标准版_第一册.md
51016,普中红蘑(干),263,1105,58.1,18.4,0.7,中国食物成分表_标准版_第一册.md
51017,双孢蘑菇[洋蘑菇],26,108,2.7,4.2,0.1,中国食物成分表_标准版_第一册.md
51018,"松蘑(干)[松口蘑,松茸]",207,853,48.2,20.3,3.2,中国食物成分表_标准版_第一册.md
51019,"香菇(鲜)[香蕈,冬菇]",26,107,5.2,2.2,0.3,中国食物成分表_标准版_第一册.md
51020,"香菇(干)[香蕈,冬菇]",274,1149,61.7,20,1.2,中国食物成分表_标准版_第一册.md
51021,"香杏丁蘑(干,大)",257,1080,53.9,22.4,0.2,中国食物成分表_标准版_第一册.md
51022,香杏片口蘑(干),252,1059,37.6,33.4,1.5,中国食物成分表_标准版_第一册.md
51023,羊肚菌(干)[干狼肚],321,1347,43.7,26.9,7.1,中国食物成分表_标准版_第一册.md
51024,银耳(干)[白木耳],261,1092,67.3,10,1.4,中国食物成分表_标准版_第一册.md
51025,珍珠白蘑(干),258,1084,56.3,18.3,0.7,中国食物成分表_标准版_第一册.md
51026,榛蘑(半干)[假蜜环菌],178,747,31.9,9.5,3.7,中国食物成分表_标准版_第一册.md
51027,榛蘑(水发),53,220,9.4,2.8,1.1,中国食物成分表_标准版_第一册.md
51028,白蘑菇[双孢蘑菇、洋蘑菇],29,123,3.8,3.5,0.4,中国食物成分表_标准版_第一册.md
51029,北风菌[荷叶离穗伞、一窝羊],17,71,2.9,1.7,0.1,中国食物成分表_标准版_第一册.md
51030,草菇[大黑头细花草、稻菇],18,74,3.1,1.1,0.4,中国食物成分表_标准版_第一册.md
51031,茶树菇(干)[柱状田头菇、油茶菇],309,1304,56.1,23.1,2.6,中国食物成分表_标准版_第一册.md
51032,干巴菌,38,159,8,3.8,0.4,中国食物成分表_标准版_第一册.md
51033,红奶浆菌[多汁乳菇、谷熟菌],18,75,3.3,1.5,0.4,中国食物成分表_标准版_第一册.md
51034,黄蘑(干),284,1185,46.9,24.6,6.4,中国食物成分表_标准版_第一册.md
51035,黄伞菇(干)[多脂鳞伞、黄丝菌],294,1231,57.5,22.8,3.2,中国食物成分表_标准版_第一册.md
51036,鸡腿菇(干)[毛头鬼伞],294,1239,51.8,26.7,2,中国食物成分表_标准版_第一册.md
51037,鸡油菌[黄丝菌、杏菌],26,108,5.1,2,0.3,中国食物成分表_标准版_第一册.md
51038,鸡枞[蚊枞、伞把菇、鸡枞菌],19,81,2.5,2.5,0.2,中国食物成分表_标准版_第一册.md
51039,鸡枞(干),297,1246,44.8,32.8,3.7,中国食物成分表_标准版_第一册.md
51040,鸡枞(油炸)[油鸡枞],646,2660,10.2,4.8,66.3,中国食物成分表_标准版_第一册.md
51041,鸡枞花,18,74,1.8,2.3,0.3,中国食物成分表_标准版_第一册.md
51042,牛肝菌(白)[美味牛肝菌],35,146,4.5,4,0.4,中国食物成分表_标准版_第一册.md
51043,牛肝菌(白、干)[美味牛肝菌],296,1244,53.3,27.8,1.6,中国食物成分表_标准版_第一册.md
51044,牛肝菌(黑)[铜色牛肝菌],32,136,4.8,3.6,0.2,中国食物成分表_标准版_第一册.md
51045,"牛肝菌(鲜)[黄皮牛肝菌, 黄皮疣柄牛肝菌、黄癞头]",32,132,5.3,4.3,0.1,中国食物成分表_标准版_第一册.md
51046,乳牛肝菌(干)[粘盖牛肝 菌、松树菌],264,1099,66,15.3,2.8,中国食物成分表_标准版_第一册.md
51047,牛眼睛菌(鲜)[马勃菌],41,170,6.6,5.1,0.3,中国食物成分表_标准版_第一册.md
51048,平菇[糙皮侧耳、青蘑],17,73,3.2,1.7,0.1,中国食物成分表_标准版_第一册.md
51049,青头菌[变绿红菇、绿菇],20,83,3.1,2.7,0.1,中国食物成分表_标准版_第一册.md
51050,松蘑(干)[松茸、松口蘑],273,1138,66.5,12.5,3,中国食物成分表_标准版_第一册.md
51051,杏鲍菇,35,148,8.3,1.3,0.1,中国食物成分表_标准版_第一册.md
51052,血红菇(干),313,1306,56,22.4,6.7,中国食物成分表_标准版_第一册.md
51053,元蘑(干)[亚侧耳、冬蘑、黄蘑],245,1013,70.3,12.3,1.5,中国食物成分表_标准版_第一册.md
51054,竹荪(干)[竹笙、竹参],248,1025,60.3,17.8,3.1,中国食物成分表_标准版_第一册.md
51055,榛蘑(干)[小蜜环菌],329,1370,54.6,17.7,10.8,中国食物成分表_标准版_第一册.md
51056,蛹虫草(干),302,1274,60.9,23.7,Tr,中国食物成分表_标准版_第一册.md
52001,发菜(干)[仙菜],259,1081,60.8,20.2,0.5,中国食物成分表_标准版_第一册.md
52002,海带(鲜)[江白菜],13,55,2.1,1.2,0.1,中国食物成分表_标准版_第一册.md
52003,"海带[江白菜,昆布]",90,377,23.4,1.8,0.1,中国食物成分表_标准版_第一册.md
52004,"海带(浸)[江白菜,昆布]",16,65,3,1.1,0.1,中国食物成分表_标准版_第一册.md
52005,"海冻菜(干)[石花菜,冻菜]",un,1335,72.9,5.4,0.1,中国食物成分表_标准版_第一册.md
52006,琼脂[紫菜胶洋粉],311,1322,76.3,1.1,0.2,中国食物成分表_标准版_第一册.md
52007,"苔菜(干)[苔条,条浒苔]",167,703,26.3,19,0.4,中国食物成分表_标准版_第一册.md
52008,紫菜(干),250,1050,44.1,26.7,1.1,中国食物成分表_标准版_第一册.md
52009,螺旋藻(干),358,1515,18.2,64.7,3.1,中国食物成分表_标准版_第一册.md
52010,裙带菜(干)[海芥菜、海木耳],219,914,41.5,25,1.7,中国食物成分表_标准版_第一册.md
52011,"海带菜(鲜,姑香牌)",112,460,15.3,1.4,7.5,中国食物成分表_标准版_第一册.md
061101x,苹果(代表值),53,227,13.7,0.4,0.2,中国食物成分表_标准版_第一册.md
61102,伏苹果,48,200,11.8,0.5,0.1,中国食物成分表_标准版_第一册.md
61103,国光苹果,56,232,13.3,0.3,0.3,中国食物成分表_标准版_第一册.md
61104,旱苹果,34,141,8.4,0.4,0.2,中国食物成分表_标准版_第一册.md
61105,红富士苹果,49,205,11.7,0.7,0.4,中国食物成分表_标准版_第一册.md
61106,红香蕉苹果,51,213,12.3,0.4,0.2,中国食物成分表_标准版_第一册.md
61107,红星苹果,58,243,14.3,0.4,0.1,中国食物成分表_标准版_第一册.md
61108,红玉苹果,52,218,14.7,0.2,0.2,中国食物成分表_标准版_第一册.md
61109,红元帅苹果,60,253,14.3,0.2,0.4,中国食物成分表_标准版_第一册.md
61110,黄香蕉苹果,53,223,13.7,0.3,0.2,中国食物成分表_标准版_第一册.md
61111,黄元帅苹果,59,246,14.7,0.2,0.3,中国食物成分表_标准版_第一册.md
61112,金元帅苹果,53,220,13.3,0.2,0.1,中国食物成分表_标准版_第一册.md
61113,青香蕉苹果,52,217,13.1,0.3,0.1,中国食物成分表_标准版_第一册.md
61114,秋里蒙苹果,43,179,11.9,0.2,0.2,中国食物成分表_标准版_第一册.md
61115,香玉苹果,62,261,15.7,0.5,0.1,中国食物成分表_标准版_第一册.md
61116,印度苹果,54,224,14.8,0.6,0.2,中国食物成分表_标准版_第一册.md
61117,祝光苹果,50,207,12.5,0.4,0.1,中国食物成分表_标准版_第一册.md
61118,倭锦苹果,54,224,13.6,0.2,0.2,中国食物成分表_标准版_第一册.md
61119,苹果(罐头),41,172,10.3,0.2,0.2,中国食物成分表_标准版_第一册.md
061201x,梨(代表值),51,211,13.1,0.3,0.1,中国食物成分表_标准版_第一册.md
61202,梨(巴梨),51,212,12.9,0.4,0.2,中国食物成分表_标准版_第一册.md
61203,长把梨,62,259,14.9,0.8,0.8,中国食物成分表_标准版_第一册.md
61204,冬果梨,46,192,12.8,0.4,0.2,中国食物成分表_标准版_第一册.md
61205,鹅黄梨,41,172,10.7,0.3,0.1,中国食物成分表_标准版_第一册.md
61206,红肖梨,36,152,10.5,0.2,Tr,中国食物成分表_标准版_第一册.md
61207,锦丰梨,51,213,13.9,0.2,0.1,中国食物成分表_标准版_第一册.md
61208,京白梨,57,240,13.7,0.2,0.5,中国食物成分表_标准版_第一册.md
61209,库尔勒香梨,42,174,13.4,0.1,0.1,中国食物成分表_标准版_第一册.md
61210,莱阳梨,54,227,14.1,0.3,0.2,中国食物成分表_标准版_第一册.md
61211,马蹄黄梨,50,207,12.5,0.3,0.1,中国食物成分表_标准版_第一册.md
61212,明月梨,54,228,13.3,0.3,0.2,中国食物成分表_标准版_第一册.md
61213,木梨,32,132,8.2,0.4,0.1,中国食物成分表_标准版_第一册.md
61214,苹果梨,53,220,13.9,0.2,0.1,中国食物成分表_标准版_第一册.md
61215,软梨,32,134,11.7,0.4,0.2,中国食物成分表_标准版_第一册.md
61216,苏梅梨,77,323,20.5,1.2,0.2,中国食物成分表_标准版_第一册.md
61217,苏木梨,52,220,13.1,0.6,0.3,中国食物成分表_标准版_第一册.md
61218,酥梨,45,190,11.4,0.3,0.1,中国食物成分表_标准版_第一册.md
61219,酸梨,33,138,9.8,0.1,0.1,中国食物成分表_标准版_第一册.md
61220,香梨,51,214,13.6,0.3,0.1,中国食物成分表_标准版_第一册.md
61221,雪花梨,42,178,10.6,0.2,0.1,中国食物成分表_标准版_第一册.md
61222,雪梨,79,332,20.2,0.9,0.1,中国食物成分表_标准版_第一册.md
61223,鸭广梨,60,251,16.5,0.6,0.2,中国食物成分表_标准版_第一册.md
61224,鸭梨,45,187,11.1,0.2,0.2,中国食物成分表_标准版_第一册.md
61225,早酥梨,50,208,13.6,0.2,0.2,中国食物成分表_标准版_第一册.md
61226,紫酥梨,51,215,13.3,0.3,0.1,中国食物成分表_标准版_第一册.md
61227,鳄梨,171,716,7.4,2,15.3,中国食物成分表_标准版_第一册.md
61228,冬果梨(罐头),56,233,15.9,0.3,,中国食物成分表_标准版_第一册.md
61229,梨(糖水罐头),36,151,8.8,0.5,0.2,中国食物成分表_标准版_第一册.md
61301,"红果[山里红,大山楂]",102,425,25.1,0.5,0.6,中国食物成分表_标准版_第一册.md
61302,红果(干),251,1051,78.4,4.3,2.2,中国食物成分表_标准版_第一册.md
61901,海棠果[秋子],76,319,19.2,0.3,0.2,中国食物成分表_标准版_第一册.md
61902,海棠(罐头),56,233,13.6,0.5,0.2,中国食物成分表_标准版_第一册.md
61903,沙果,70,292,17.8,0.4,0.1,中国食物成分表_标准版_第一册.md
61904,吊蛋,65,273,16.8,0.8,0.4,中国食物成分表_标准版_第一册.md
61905,面蛋,91,381,21.7,1.6,0.5,中国食物成分表_标准版_第一册.md
61906,酸刺,112,467,25.5,2.8,0.3,中国食物成分表_标准版_第一册.md
61907,蛇果,59,248,14.9,0.1,0.2,中国食物成分表_标准版_第一册.md
062101x,桃(代表值),42,212,10.1,0.6,0.1,中国食物成分表_标准版_第一册.md
62102,白粉桃,26,110,5.5,1.3,0.1,中国食物成分表_标准版_第一册.md
62103,高山白桃,42,177,10.1,0.7,0.2,中国食物成分表_标准版_第一册.md
62104,旱久保桃,48,201,11.3,0.9,0.1,中国食物成分表_标准版_第一册.md
62105,桃(黄桃),56,236,14,0.5,0.1,中国食物成分表_标准版_第一册.md
62106,金红桃,28,118,6.6,0.7,0.1,中国食物成分表_标准版_第一册.md
62107,桃(久保桃),42,176,10,0.6,0.1,中国食物成分表_标准版_第一册.md
62115,蜜桃,46,196,11,0.6,0.1,中国食物成分表_标准版_第一册.md
62109,蒲桃,39,163,10.2,0.5,0.2,中国食物成分表_标准版_第一册.md
62110,庆丰桃,42,175,10.1,0.6,0.1,中国食物成分表_标准版_第一册.md
081101x,猪肉（代表值，fat 30g）,331,1370,0,15.1,30.1,中国食物成分表_标准版_第二册.md
81102,猪肥肉（肥，fat 89g）,807,3319,0,2.4,88.6,中国食物成分表_标准版_第二册.md
81103,猪肉（后臀尖）,336,1388,0,14.6,30.8,中国食物成分表_标准版_第二册.md
81104,猪肉（后肘）,320,1325,0,17,28,中国食物成分表_标准版_第二册.md
81105,猪肉（肋条肉）,568,2341,0,9.3,59,中国食物成分表_标准版_第二册.md
81107,猪肉(奶脯)[软五花、猪夹心],349,1437,0,7.7,35.3,中国食物成分表_标准版_第二册.md
81108,猪肉（奶面）[硬五花],339,1401,2.2,13.6,30.6,中国食物成分表_标准版_第二册.md
81109,猪肉（前肘）,287,1191,2.9,17.3,22.9,中国食物成分表_标准版_第二册.md
081110x,猪肉（瘦，fat 8g）,153,641,0,20.7,7.8,中国食物成分表_标准版_第二册.md
81110,猪肉（瘦）,143,600,1.5,20.3,6.2,中国食物成分表_标准版_第二册.md
081111x,猪肉（fat 12g）,181,757,0.2,19,11.7,中国食物成分表_标准版_第二册.md
81111,猪肉（腿）,190,792,0.8,17.9,12.8,中国食物成分表_标准版_第二册.md
81112,猪肉（猪脖）,577,2375,0,8,60.5,中国食物成分表_标准版_第二册.md
81113,猪大肠,196,809,0,6.9,18.7,中国食物成分表_标准版_第二册.md
81114,猪大排,264,1095,1.7,18.3,20.4,中国食物成分表_标准版_第二册.md
81115,猪耳,176,735,0,19.1,11.1,中国食物成分表_标准版_第二册.md
81116,猪蹄,260,1080,0,22.6,18.8,中国食物成分表_标准版_第二册.md
81117,猪蹄筋,156,660,0.5,35.3,1.4,中国食物成分表_标准版_第二册.md
81118,猪头皮,499,2067,12.7,11.8,44.6,中国食物成分表_标准版_第二册.md
81120,猪肘棒,248,1032,9.4,16.5,16,中国食物成分表_标准版_第二册.md
81121,猪肉（前臀尖，杜长大猪）,289,1196,0,15.3,25.3,中国食物成分表_标准版_第二册.md
81122,猪肉（前臀尖，良杂猪）,334,1382,0.9,14.2,30.4,中国食物成分表_标准版_第二册.md
81123,猪肉（后臀尖，杜长大猪）,165,690,0,20.8,9.1,中国食物成分表_标准版_第二册.md
81124,猪肉（后臀尖，良杂猪）,175,729,0,20,10.5,中国食物成分表_标准版_第二册.md
81125,猪肉（硬肋，杜长大猪）,557,2296,0,10.8,57.1,中国食物成分表_标准版_第二册.md
81126,猪肉（硬肋，良杂猪）,536,2210,0,11.6,54.4,中国食物成分表_标准版_第二册.md
81127,猪肉（通脊，杜长大猪）,159,668,0,22.3,7.8,中国食物成分表_标准版_第二册.md
81128,猪肉（通脊，良杂猪）,140,589,0,20.7,6.4,中国食物成分表_标准版_第二册.md
81129,猪肉（里脊）,150,626,0,19.6,7.9,中国食物成分表_标准版_第二册.md
81130,猪皮,363,1506,0,27.4,28.1,中国食物成分表_标准版_第二册.md
81131,猪小排（杜长大猪）,295,1222,0,16.8,25.3,中国食物成分表_标准版_第二册.md
81132,猪小排（良杂猪）,351,1450,0,14.1,32.7,中国食物成分表_标准版_第二册.md
81133,猪腿肉（藏香猪）,268,1115,6.3,17.5,19.2,中国食物成分表_标准版_第二册.md
81202,猪肚,110,460,0.7,15.2,5.1,中国食物成分表_标准版_第二册.md
81203,猪肺,84,353,0.1,12.2,3.9,中国食物成分表_标准版_第二册.md
81205,猪脑,131,546,0,10.8,9.8,中国食物成分表_标准版_第二册.md
81206,猪脾,94,396,3.1,13.2,3.2,中国食物成分表_标准版_第二册.md
81209,猪肾（fat 8g）[猪腰子],137,572,0,16,8.1,中国食物成分表_标准版_第二册.md
81210,猪小肠,65,273,1.7,10,2,中国食物成分表_标准版_第二册.md
81211,猪心,119,497,1.1,16.6,5.3,中国食物成分表_标准版_第二册.md
81212,猪血,55,234,0.9,12.2,0.3,中国食物成分表_标准版_第二册.md
81213,猪肚,97,407,2.2,14.1,3.5,中国食物成分表_标准版_第二册.md
81214,猪肝,126,531,1.8,19.2,4.7,中国食物成分表_标准版_第二册.md
81215,猪舌[口条],184,767,0,18.1,12.4,中国食物成分表_标准版_第二册.md
81216,猪肾（fat 2g）[猪腰子],82,345,0.6,15.8,1.8,中国食物成分表_标准版_第二册.md
81302,宫爆肉丁（罐头）,353,1465,8.4,17.7,27.6,中国食物成分表_标准版_第二册.md
81303,酱汁肉,549,2271,8.4,15.5,50.4,中国食物成分表_标准版_第二册.md
81304,腊肉（培根）,181,756,2.6,22.3,9,中国食物成分表_标准版_第二册.md
81305,腊肉（生，fat 49g）,498,2056,2.9,11.8,48.8,中国食物成分表_标准版_第二册.md
81306,卤猪杂,186,783,11,24.6,4.8,中国食物成分表_标准版_第二册.md
81307,午餐肉（北京）,229,952,12,9.4,15.9,中国食物成分表_标准版_第二册.md
81308,咸肉,390,1613,0,16.5,36,中国食物成分表_标准版_第二册.md
81309,"猪肉罐头(珍珠里脊丝,罐头)",225,933,10.5,6.7,17.3,中国食物成分表_标准版_第二册.md
81310,猪肝（卤煮）,203,851,5.6,26.4,8.3,中国食物成分表_标准版_第二册.md
81311,猪肉（清蒸）,198,823,0,18.4,13.8,中国食物成分表_标准版_第二册.md
81312,猪蹄（熟）,260,1085,3.2,23.6,17,中国食物成分表_标准版_第二册.md
81313,猪肘棒（熟）,314,1304,2.1,21.3,24.5,中国食物成分表_标准版_第二册.md
81315,福建式肉松,493,2064,39.7,25.1,26,中国食物成分表_标准版_第二册.md
81316,老年保健肉松,458,1920,32.5,35.8,20.5,中国食物成分表_标准版_第二册.md
81317,太仓肉松,316,1331,21.6,38.6,8.3,中国食物成分表_标准版_第二册.md
81318,火腿心全精肉（雪舫蒋牌）,322,1343,0,37,19.3,中国食物成分表_标准版_第二册.md
81319,火腿心肉（生，金云牌）,528,2183,0,22.2,48.8,中国食物成分表_标准版_第二册.md
81320,腊肉（生，fat 68g）,692,2856,1.8,18.2,68,中国食物成分表_标准版_第二册.md
81321,叉烧肉,196,820,6,20.9,9.8,中国食物成分表_标准版_第二册.md
81322,酱排骨,366,1520,9.6,21.7,26.7,中国食物成分表_标准版_第二册.md
81323,猪肉罐头（香糟块肉）,542,2236,0,15.5,53.3,中国食物成分表_标准版_第二册.md
81324,猪里脊（熏烤小里脊）,153,646,11.8,17.7,3.9,中国食物成分表_标准版_第二册.md
81325,猪肉脯,378,1594,46.6,28,8.8,中国食物成分表_标准版_第二册.md
81326,肉酥,509,2128,35.5,30.7,27.1,中国食物成分表_标准版_第二册.md
81328,扒猪脸,347,1439,1.4,18.8,29.6,中国食物成分表_标准版_第二册.md
81329,酱肘子,202,848,1.8,29.6,8.5,中国食物成分表_标准版_第二册.md
81330,火腿肉（藏香猪）,503,2086,5,29.1,40.7,中国食物成分表_标准版_第二册.md
81331,风干肉（藏香猪）,598,2473,1.7,27.1,53.6,中国食物成分表_标准版_第二册.md
81401,茶肠,329,1362,6.7,9,29.6,中国食物成分表_标准版_第二册.md
81402,大腊肠,267,1109,8.6,12.9,20.1,中国食物成分表_标准版_第二册.md
81403,大肉肠,273,1130,4.6,12,22.9,中国食物成分表_标准版_第二册.md
81404,蛋清肠,278,1155,5.8,12.5,22.8,中国食物成分表_标准版_第二册.md
81405,儿童肠,290,1208,15.3,13.1,19.6,中国食物成分表_标准版_第二册.md
81406,风干肠,283,1173,5.9,12.4,23.3,中国食物成分表_标准版_第二册.md
81407,广东香肠,433,1795,6.4,18,37.3,中国食物成分表_标准版_第二册.md
81408,红果肠,260,1085,20.3,10.2,15.3,中国食物成分表_标准版_第二册.md
81409,火腿肠,212,888,15.6,14,10.4,中国食物成分表_标准版_第二册.md
81410,腊肠,584,2421,15.3,22,48.3,中国食物成分表_标准版_第二册.md
81411,松江肠,402,1674,28.5,12.3,26.5,中国食物成分表_标准版_第二册.md
81412,蒜肠,309,1283,12.7,7.5,25.4,中国食物成分表_标准版_第二册.md
81413,香肠,508,2106,11.2,24.1,40.7,中国食物成分表_标准版_第二册.md
81414,香肠（罐头）,290,1196,1.3,7.9,28.1,中国食物成分表_标准版_第二册.md
81415,火腿肠（小红肠）,280,1161,6,11.8,23.2,中国食物成分表_标准版_第二册.md
81416,火腿肠（小泥肠）,295,1220,3.2,11.3,26.3,中国食物成分表_标准版_第二册.md
81417,午餐肠,261,1087,24.9,2.9,16.6,中国食物成分表_标准版_第二册.md
81418,午餐肚,181,767,34.7,9.3,0.5,中国食物成分表_标准版_第二册.md
81419,方腿,117,493,1.9,16.2,5,中国食物成分表_标准版_第二册.md
81420,火腿 (fat 27g),330,1369,4.9,16,27.4,中国食物成分表_标准版_第二册.md
81421,金华火腿,318,1317,0.1,16.4,28,中国食物成分表_标准版_第二册.md
81422,火腿肠(圆腿),139,581,1.6,18.4,6.5,中国食物成分表_标准版_第二册.md
81423,脆皮肠,302,1252,4.8,16.6,24,中国食物成分表_标准版_第二册.md
81424,热狗肠,307,1274,6.9,13.2,25.2,中国食物成分表_标准版_第二册.md
81425,火腿肠(双汇牌),215,896,8.8,12.1,14.6,中国食物成分表_标准版_第二册.md
81426,火腿 (fat 3g),99,418,1.7,15.5,3.4,中国食物成分表_标准版_第二册.md
81427,火腿(宣威牌),565,2332,3.7,11.4,56.1,中国食物成分表_标准版_第二册.md
81428,三明治火腿,115,483,6.1,12.5,4.5,中国食物成分表_标准版_第二册.md
81429,午餐肉(上海梅林牌),320,1323,3.3,9,30.1,中国食物成分表_标准版_第二册.md
082101x,"牛肉(代表值, fat 9g)",160,669,0.5,20,8.7,中国食物成分表_标准版_第二册.md
82102,牛肉(肋条),123,516,0,18.6,5.4,中国食物成分表_标准版_第二册.md
82103,牛肉(后腿),106,448,1.1,20.9,2,中国食物成分表_标准版_第二册.md
82104,牛肉(后腿),98,416,2.2,20.1,1,中国食物成分表_标准版_第二册.md
82105,牛肉(里脊肉)[牛柳],107,452,2.4,22.2,0.9,中国食物成分表_标准版_第二册.md
82106,牛肉(前腿),105,442,2.9,19.2,1.8,中国食物成分表_标准版_第二册.md
82107,牛肉(前腿),113,480,5.1,20.3,1.3,中国食物成分表_标准版_第二册.md
082108x,"牛肉(代表值,瘦, fat 3g)",113,479,1.3,21.3,2.5,中国食物成分表_标准版_第二册.md
82109,牛蹄筋(生),151,642,2.6,34.1,0.5,中国食物成分表_标准版_第二册.md
82110,牛蹄筋(泡发),25,105,0.2,6,Tr,中国食物成分表_标准版_第二册.md
82111,牛肉(背部肉)[上脑],193,806,3,17.4,12.4,中国食物成分表_标准版_第二册.md
82112,牛肉(里脊肉)[牛柳],134,564,0,22.3,5,中国食物成分表_标准版_第二册.md
82113,牛肉(臀部肉)[紫盖、白板],117,496,0.9,22.6,2.6,中国食物成分表_标准版_第二册.md
82114,牛肉(肩部肉)[肩肉],342,1413,0,14.1,31.7,中国食物成分表_标准版_第二册.md
82115,牛肉(胸部肉)[牛胸],326,1348,0,16.6,28.8,中国食物成分表_标准版_第二册.md
82116,牛肉(腹部肉)[牛腩],332,1375,0,17.1,29.3,中国食物成分表_标准版_第二册.md
82117,牛肉(膝圆肉)[和尚头],106,449,0.1,22.4,1.8,中国食物成分表_标准版_第二册.md
82118,牛肉(股内肉)[针扒、米龙、黄瓜条],119,502,0.4,22.8,2.9,中国食物成分表_标准版_第二册.md
82119,牛肉(小腿肉)[牛展、牛腱子],122,513,0,23,3.3,中国食物成分表_标准版_第二册.md
82120,牦牛肉,119,502,3.4,23.1,1.4,中国食物成分表_标准版_第二册.md
82121,"牦牛牛腱肉(冻,鲜)",100,424,2,21.2,0.8,中国食物成分表_标准版_第二册.md
82122,"牦牛牛霖肉(冻,鲜)",110,465,2.7,22.5,1,中国食物成分表_标准版_第二册.md
82201,牛鞭(泡发),117,496,0,27.2,0.9,中国食物成分表_标准版_第二册.md
82202,牛大肠,66,279,0.4,11,2.3,中国食物成分表_标准版_第二册.md
82203,牛肚,72,306,0,14.5,1.6,中国食物成分表_标准版_第二册.md
82204,牛肺,95,399,1.5,16.5,2.5,中国食物成分表_标准版_第二册.md
82205,牛肝,139,586,6.2,19.8,3.9,中国食物成分表_标准版_第二册.md
82206,牛脑,149,621,0.1,12.5,11,中国食物成分表_标准版_第二册.md
82207,牛舌,196,815,2,17,13.3,中国食物成分表_标准版_第二册.md
82208,牛肾,94,398,2.6,15.6,2.4,中国食物成分表_标准版_第二册.md
82209,牛心,106,444,3.1,15.4,3.5,中国食物成分表_标准版_第二册.md
82210,牛百叶(黑),70,295,0,13.2,1.9,中国食物成分表_标准版_第二册.md
82301,酱牛肉,246,1029,3.2,31.4,11.9,中国食物成分表_标准版_第二册.md
82302,煨牛肉(罐头),166,693,0.1,16.7,11,中国食物成分表_标准版_第二册.md
82303,牛肉干,550,2288,1.9,45.6,40,中国食物成分表_标准版_第二册.md
82304,咖喱牛肉干,326,1382,29.5,45.9,2.7,中国食物成分表_标准版_第二册.md
82305,牛肉松,445,1871,67.7,8.2,15.7,中国食物成分表_标准版_第二册.md
82306,牛蹄筋(熟),147,622,0.1,35.2,0.6,中国食物成分表_标准版_第二册.md
82307,"牛肉(酱,五香)",229,960,0,33.2,10.7,中国食物成分表_标准版_第二册.md
82308,牛肉(清香),200,835,0,25.8,10.7,中国食物成分表_标准版_第二册.md
82309,牛腱子(香叶),205,863,3.2,35.6,5.5,中国食物成分表_标准版_第二册.md
82310,牛肉干(长富牌),342,1447,32.2,41.8,5.1,中国食物成分表_标准版_第二册.md
82311,牛肉干(沙参牌),327,1386,33.6,40.1,3.6,中国食物成分表_标准版_第二册.md
083101x,羊肉（代表值，fat 7g）,139,581,1.6,18.5,6.5,中国食物成分表_标准版_第二册.md
83102,羊肉（冻）,285,1182,3.8,12.6,24.4,中国食物成分表_标准版_第二册.md
83103,羊肉（后腿，带骨）,110,462,0.3,19.5,3.4,中国食物成分表_标准版_第二册.md
83104,羊肉（颈）,135,570,2.2,21.3,4.6,中国食物成分表_标准版_第二册.md
83105,羊肉（里脊）,103,435,1.6,20.5,1.6,中国食物成分表_标准版_第二册.md
83106,羊肉（前腿，fat 3g）,110,462,1.6,18.6,3.2,中国食物成分表_标准版_第二册.md
83107,羊肉（青羊）,99,420,1,21.3,1.1,中国食物成分表_标准版_第二册.md
83108,羊肉（fat 4g）,118,496,0.2,20.5,3.9,中国食物成分表_标准版_第二册.md
83109,羊肉（胸脯）,133,559,0,19.4,6.2,中国食物成分表_标准版_第二册.md
83110,山羊肉（生）,293,1214,9.4,8.7,24.5,中国食物成分表_标准版_第二册.md
83111,羊蹄筋（生）,159,672,0,34.3,2.4,中国食物成分表_标准版_第二册.md
83112,羊蹄筋（泡发）,41,175,1.9,8.4,Tr,中国食物成分表_标准版_第二册.md
83113,羊肉（上脑）,94,397,0,19,2,中国食物成分表_标准版_第二册.md
83114,羊肉（腰窝）,135,566,0,18.9,6.6,中国食物成分表_标准版_第二册.md
83115,羊肉（前腿）,97,411,0,19.8,2,中国食物成分表_标准版_第二册.md
83116,羊肉（后腿）,111,469,0,20.6,3.2,中国食物成分表_标准版_第二册.md
83117,羊肉片,118,495,2.4,18,4,中国食物成分表_标准版_第二册.md
83201,羊大肠,75,317,0,13.4,2.4,中国食物成分表_标准版_第二册.md
83202,羊肚,87,364,1.8,12.2,3.4,中国食物成分表_标准版_第二册.md
83203,羊肺,96,407,2.5,16.2,2.4,中国食物成分表_标准版_第二册.md
83204,羊肝,134,563,7.4,17.9,3.6,中国食物成分表_标准版_第二册.md
83205,羊脑,142,590,0.1,11.3,10.7,中国食物成分表_标准版_第二册.md
83206,羊舌,225,937,4.8,19.4,14.2,中国食物成分表_标准版_第二册.md
83207,羊肾,96,403,1,16.6,2.8,中国食物成分表_标准版_第二册.md
83208,羊心,113,472,2,13.8,5.5,中国食物成分表_标准版_第二册.md
83209,羊血,57,240,6.9,6.8,0.2,中国食物成分表_标准版_第二册.md
83301,腊羊肉,246,1031,11.5,26.1,10.6,中国食物成分表_标准版_第二册.md
83302,羊肉（熟）,217,905,0,23.2,13.8,中国食物成分表_标准版_第二册.md
83303,羊肉串（电烤）,234,980,6,26.4,11.6,中国食物成分表_标准版_第二册.md
83304,羊肉串（烤）,206,864,2.4,26,10.3,中国食物成分表_标准版_第二册.md
83305,羊肉串（炸）,217,907,10,18.3,11.5,中国食物成分表_标准版_第二册.md
83306,羊肉干,588,2440,13.7,28.2,46.7,中国食物成分表_标准版_第二册.md
83307,羊肉（羊肉手抓）,188,790,0,27.3,8.8,中国食物成分表_标准版_第二册.md
83308,山羊肉（酱）,272,1138,11.8,25.4,13.7,中国食物成分表_标准版_第二册.md
83309,烧羊肉（五香）,183,771,0,33.6,5.4,中国食物成分表_标准版_第二册.md
83310,羊肉串（生）,118,494,5.6,13,4.8,中国食物成分表_标准版_第二册.md
84101,驴肉（瘦）,116,491,0.4,21.5,3.2,中国食物成分表_标准版_第二册.md
84201,驴鞭,143,608,4.3,29.7,0.8,中国食物成分表_标准版_第二册.md
84301,驴肉（酱）,160,677,0,33.7,2.8,中国食物成分表_标准版_第二册.md
84302,驴肉（卤）,149,631,5.8,27.2,1.9,中国食物成分表_标准版_第二册.md
84303,驴肉（煮）,230,959,0,27,13.5,中国食物成分表_标准版_第二册.md
84304,驴肉（五香）,167,701,0,28.2,6,中国食物成分表_标准版_第二册.md
85101,马肉,122,514,0.1,20.1,4.6,中国食物成分表_标准版_第二册.md
85201,马心,104,438,1,18.9,2.7,中国食物成分表_标准版_第二册.md
85301,马肉（卤）,170,717,1.2,30.5,4.8,中国食物成分表_标准版_第二册.md
89001,狗肉,116,486,1.8,16.8,4.6,中国食物成分表_标准版_第二册.md
89002,骆驼蹄,116,490,0.2,25.6,1.4,中国食物成分表_标准版_第二册.md
89003,骆驼掌,310,1317,0.3,72.8,2,中国食物成分表_标准版_第二册.md
89004,兔肉,102,432,0.9,19.7,2.2,中国食物成分表_标准版_第二册.md
89005,兔肉（野）,84,356,0,16.6,2,中国食物成分表_标准版_第二册.md
89006,鹿肉（养殖梅花鹿）,92,388,0.3,19.7,1.3,中国食物成分表_标准版_第二册.md
091101x,鸡(代表值),145,608,0.9,20.3,6.7,中国食物成分表_标准版_第二册.md
91102,"鸡(土鸡,家养)",124,520,0,20.8,4.5,中国食物成分表_标准版_第二册.md
91103,母鸡(一年内),256,1065,5.8,20.3,16.8,中国食物成分表_标准版_第二册.md
91104,肉鸡(肥),389,1609,0.9,16.7,35.4,中国食物成分表_标准版_第二册.md
91105,华青鸡,158,659,0,19.6,8.8,中国食物成分表_标准版_第二册.md
91106,沙鸡,147,615,1.6,20,6.7,中国食物成分表_标准版_第二册.md
91107,鸡(乌骨鸡),111,469,0.3,22.3,2.3,中国食物成分表_标准版_第二册.md
91111,鸡爪,254,1059,2.7,23.9,16.4,中国食物成分表_标准版_第二册.md
91112,鸡胸脯肉,118,499,0.6,24.6,1.9,中国食物成分表_标准版_第二册.md
91113,鸡腿,146,610,0,20.2,7.2,中国食物成分表_标准版_第二册.md
91114,鸡翅,202,842,5.5,19,11.5,中国食物成分表_标准版_第二册.md
91115,鸡块(带浆粉),206,864,18.8,12.2,9.1,中国食物成分表_标准版_第二册.md
91116,野山鸡,126,533,6.6,20.4,2,中国食物成分表_标准版_第二册.md
91201,鸡肝,121,507,2.8,16.6,4.8,中国食物成分表_标准版_第二册.md
91202,鸡肝(肉鸡),121,510,3.5,16.7,4.5,中国食物成分表_标准版_第二册.md
91203,鸡心,172,717,0.6,15.9,11.8,中国食物成分表_标准版_第二册.md
91204,鸡血,49,210,4.1,7.8,0.2,中国食物成分表_标准版_第二册.md
91205,鸡肫[鸡肋],118,498,4,19.2,2.8,中国食物成分表_标准版_第二册.md
91301,扒鸡,217,910,0,29.6,11,中国食物成分表_标准版_第二册.md
91303,炸鸡块[肯德基],279,1164,10.5,20.3,17.3,中国食物成分表_标准版_第二册.md
91304,卤煮鸡,212,891,5.8,29.4,7.9,中国食物成分表_标准版_第二册.md
91305,瓦罐鸡汤(肉),190,795,5.2,20.9,9.5,中国食物成分表_标准版_第二册.md
91306,瓦罐鸡汤（汤）,27,111,0,1.3,2.4,中国食物成分表_标准版_第二册.md
91307,鸡肉松,440,1848,65.8,7.2,16.4,中国食物成分表_标准版_第二册.md
91308,扒鸡（五香脱骨）,206,862,3.8,23.4,10.8,中国食物成分表_标准版_第二册.md
91309,烤鸡,265,1103,0,28.1,16.9,中国食物成分表_标准版_第二册.md
91310,童子鸡（熟）,226,938,0,15.8,18.1,中国食物成分表_标准版_第二册.md
092101x,鸭（代表值）,240,996,0.2,15.5,19.7,中国食物成分表_标准版_第二册.md
92102,公麻鸭,360,1490,6.1,14.3,30.9,中国食物成分表_标准版_第二册.md
92103,母麻鸭,461,1902,1.4,13,44.8,中国食物成分表_标准版_第二册.md
92104,鸭胸脯肉,90,379,4,15,1.5,中国食物成分表_标准版_第二册.md
92105,鸭皮,538,2225,15.1,6.5,50.2,中国食物成分表_标准版_第二册.md
92106,鸭翅,146,613,6.3,16.5,6.1,中国食物成分表_标准版_第二册.md
92107,鸭掌,150,633,6.2,26.9,1.9,中国食物成分表_标准版_第二册.md
92201,鸭肠,129,537,0.4,14.2,7.8,中国食物成分表_标准版_第二册.md
92202,鸭肝,128,533,0.5,14.5,7.5,中国食物成分表_标准版_第二册.md
92203,鸭肝（公麻鸭）,136,573,10.1,14.7,4.1,中国食物成分表_标准版_第二册.md
92204,鸭肝（母麻鸭）,113,478,5.9,16.8,2.5,中国食物成分表_标准版_第二册.md
92205,鸭舌[鸭条],245,1018,0.4,16.6,19.7,中国食物成分表_标准版_第二册.md
92206,鸭心,143,596,2.9,12.8,8.9,中国食物成分表_标准版_第二册.md
92207,鸭血（白鸭）,108,457,12.4,13.6,0.4,中国食物成分表_标准版_第二册.md
92208,鸭血（公麻鸭）,56,239,0,13.2,0.4,中国食物成分表_标准版_第二册.md
92209,鸭血（母麻鸭）,55,234,0,13.1,0.3,中国食物成分表_标准版_第二册.md
92210,鸭胰,117,493,1,21.7,2.9,中国食物成分表_标准版_第二册.md
92211,鸭盹,92,388,2.1,17.9,1.3,中国食物成分表_标准版_第二册.md
92212,鸭盹（公麻鸭）,112,473,5.4,19.8,1.2,中国食物成分表_标准版_第二册.md
92213,鸭盹（母麻鸭）,126,529,1.6,20.4,4.2,中国食物成分表_标准版_第二册.md
92214,鸭鼓片,603,2491,6.1,18.3,56.1,中国食物成分表_标准版_第二册.md
92301,北京烤鸭,436,1805,6,16.6,38.4,中国食物成分表_标准版_第二册.md
92302,北京填鸭,425,1753,3.9,9.3,41.3,中国食物成分表_标准版_第二册.md
92303,红烧鸭（罐头）,338,1399,0.6,15.3,30.5,中国食物成分表_标准版_第二册.md
92304,酱鸭,266,1109,6.3,18.9,18.4,中国食物成分表_标准版_第二册.md
92305,酱鸭（加梅菜，罐头）,253,1046,2.5,11.8,21.7,中国食物成分表_标准版_第二册.md
92306,盐水鸭（熟）,313,1296,2.8,16.6,26.1,中国食物成分表_标准版_第二册.md
92307,烤鸭（老唐牌）,309,1281,0,20.3,25.3,中国食物成分表_标准版_第二册.md
92308,烤鸭（全聚德牌）,530,2187,0,18.1,50.8,中国食物成分表_标准版_第二册.md
93101,鹅,251,1041,0,17.9,19.9,中国食物成分表_标准版_第二册.md
93201,鹅肝,129,542,9.3,15.2,3.4,中国食物成分表_标准版_第二册.md
93202,鹅盹,100,422,1.1,19.6,1.9,中国食物成分表_标准版_第二册.md
93203,鹅血,74,316,0,18.6,0,中国食物成分表_标准版_第二册.md
93301,烧鹅,289,1202,4.2,19.7,21.5,中国食物成分表_标准版_第二册.md
93302,腊鹅,410,1717,29.6,24.6,21.5,中国食物成分表_标准版_第二册.md
94101,火鸡腿肉,91,384,0,20,1.2,中国食物成分表_标准版_第二册.md
94102,火鸡胸脯肉,103,436,2.8,22.4,0.2,中国食物成分表_标准版_第二册.md
94201,火鸡肝,143,600,3.1,20,5.6,中国食物成分表_标准版_第二册.md
94202,火鸡肫,91,387,3.2,18.9,0.3,中国食物成分表_标准版_第二册.md
94301,火鸡腿(熟),100,422,6.6,16.7,0.7,中国食物成分表_标准版_第二册.md
99001,鸽,201,835,1.7,16.5,14.2,中国食物成分表_标准版_第二册.md
99002,鹌鹑,110,462,0.2,20.2,3.1,中国食物成分表_标准版_第二册.md
99003,乳鸽,352,1454,0,11.3,34.1,中国食物成分表_标准版_第二册.md
99004,乳鸽(红烧),255,1057,0,16.9,20.8,中国食物成分表_标准版_第二册.md
101101x,纯牛奶（代表值，全脂）,65,271,4.9,3.3,3.6,中国食物成分表_标准版_第二册.md
101102,纯牛奶（全脂，美国牛）,59,246,4.6,2.9,3.2,中国食物成分表_标准版_第二册.md
101104,纯牛奶（全脂，德国牛）,60,250,5.1,3.1,3,中国食物成分表_标准版_第二册.md
101105,纯牛奶（全脂，光明牌）,61,256,5,3.1,3.2,中国食物成分表_标准版_第二册.md
101106,纯牛奶（全脂，乐百氏牌）,67,278,4.8,3.3,3.8,中国食物成分表_标准版_第二册.md
101107,"纯牛奶(全脂,帕玛拉特牌)",61,256,5.3,3,3.1,中国食物成分表_标准版_第二册.md
101108,纯牛奶（全脂，三元牌）,69,289,5.1,3.4,3.9,中国食物成分表_标准版_第二册.md
101109,纯牛奶（全脂，完达山牌）,60,251,4.9,2.9,3.2,中国食物成分表_标准版_第二册.md
101110,纯牛奶（全脂，龙丹牌）,66,277,5.1,2.9,3.8,中国食物成分表_标准版_第二册.md
101111,纯牛奶（全脂，蒙牛牌）,67,280,5.3,3.1,3.7,中国食物成分表_标准版_第二册.md
101112,纯牛奶（全脂，新南洋牌）,67,280,5.1,3.1,3.8,中国食物成分表_标准版_第二册.md
101113,纯牛奶（全脂，帕玛拉特）,61,254,5.1,2.9,3.2,中国食物成分表_标准版_第二册.md
101114,纯牛奶（全脂，伊利牌）,68,283,5.4,3.2,3.7,中国食物成分表_标准版_第二册.md
101122,纯牛奶（全脂，爱尔兰金凯利全脂牛奶）,62,257,4.1,3.2,3.6,中国食物成分表_标准版_第二册.md
101123,纯牛奶（全脂，澳大利亚澳田纯牛奶）,62,257,3.9,3.6,3.5,中国食物成分表_标准版_第二册.md
101124,纯牛奶（全脂，比利时纯牧牛奶）,61,253,4,3.5,3.4,中国食物成分表_标准版_第二册.md
101125,纯牛奶（全脂，波兰美波全脂纯牛奶）,75,313,7.8,3.2,3.4,中国食物成分表_标准版_第二册.md
101126,纯牛奶（全脂，丹麦爱氏晨曦有机全脂牛奶）,67,281,5.2,3.5,3.6,中国食物成分表_标准版_第二册.md
101127,纯牛奶（全脂，德国爱氏晨曦纯牛奶）,68,285,5.5,3.4,3.6,中国食物成分表_标准版_第二册.md
101128,纯牛奶（全脂，德国甘蒂牧场纯牛奶）,64,269,4.7,3.3,3.6,中国食物成分表_标准版_第二册.md
101129,纯牛奶（全脂，法国得乐思全脂牛奶）,64,269,4.3,3.7,3.6,中国食物成分表_标准版_第二册.md
101130,"纯牛奶(全脂,光明纯牛奶)",60,252,4,3.4,3.4,中国食物成分表_标准版_第二册.md
101131,纯牛奶（全脂，光明优+高品质纯牛奶）,67,278,4.5,3.6,3.8,中国食物成分表_标准版_第二册.md
101132,纯牛奶（全脂，广泽澳醇纯牛奶）,63,262,4.1,3.5,3.6,中国食物成分表_标准版_第二册.md
101133,纯牛奶（全脂，花园牌）,57,239,4,2.9,3.3,中国食物成分表_标准版_第二册.md
101134,"纯牛奶(全脂,辉山纯牛奶)",66,276,4.7,3.5,3.7,中国食物成分表_标准版_第二册.md
101135,纯牛奶（全脂，龙丹松花江牧场纯牛奶）,67,280,4.8,3.6,3.7,中国食物成分表_标准版_第二册.md
101136,纯牛奶（全脂，麦趣尔牌）,61,254,5.3,2.9,3.1,中国食物成分表_标准版_第二册.md
101137,"纯牛奶(全脂,蒙牛纯牛奶)",67,278,4.7,3.4,3.8,中国食物成分表_标准版_第二册.md
101138,纯牛奶（全脂，蒙牛特仑苏有机纯牛奶）,69,289,4.9,3.4,4,中国食物成分表_标准版_第二册.md
101139,纯牛奶（全脂，明治醇壹高温杀菌乳）,67,280,4.8,3.6,3.7,中国食物成分表_标准版_第二册.md
101140,纯牛奶（全脂，瑞士艾美全脂牛奶）,70,293,6.4,3.2,3.5,中国食物成分表_标准版_第二册.md
101141,纯牛奶（全脂，圣牧有机纯牛奶）,74,308,5.7,3.5,4.1,中国食物成分表_标准版_第二册.md
101142,纯牛奶（全脂，天润牌浓缩纯奶）,67,281,5.7,3.2,3.5,中国食物成分表_标准版_第二册.md
101143,"纯牛奶(全脂,完达山纯牛奶)",66,276,3.6,3.5,4.2,中国食物成分表_标准版_第二册.md
101144,"纯牛奶(全脂,西域春牌)",59,246,4.8,2.9,3.1,中国食物成分表_标准版_第二册.md
101145,"纯牛奶(全脂,夏进纯牛奶)",63,264,4.4,3.5,3.5,中国食物成分表_标准版_第二册.md
101146,"纯牛奶(全脂,现代牧业 纯牛奶)",66,276,5.1,3.3,3.6,中国食物成分表_标准版_第二册.md
101147,"纯牛奶(全脂,新希望复原乳)",63,262,4.6,3,3.6,中国食物成分表_标准版_第二册.md
101148,"纯牛奶(全脂,新希望千 岛湖牧场纯牛奶)",62,257,4.3,3.2,3.5,中国食物成分表_标准版_第二册.md
101149,"纯牛奶(全脂,伊利纯牛奶)",66,274,4.2,3.4,3.9,中国食物成分表_标准版_第二册.md
101150,"纯牛奶(全脂,伊利金典 有机纯牛奶)",73,303,5.4,3.5,4.1,中国食物成分表_标准版_第二册.md
101151,"纯牛奶(全脂,意大利培 兰全脂纯牛奶)",63,264,4.2,3.5,3.6,中国食物成分表_标准版_第二册.md
101152x,"纯牛奶(代表值,低脂)",47,197,4.8,3.5,1.5,中国食物成分表_标准版_第二册.md
101152,"纯牛奶(低脂,帕玛拉特)",43,182,5,2.9,1.3,中国食物成分表_标准版_第二册.md
101153,"纯牛奶(低脂,澳大利亚 德运部分脱脂纯牛奶)",51,215,5,3.3,2,中国食物成分表_标准版_第二册.md
101154,"纯牛奶(低脂,德国艾德 牧牌部分脱脂纯牛奶)",45,187,3.8,3.5,1.7,中国食物成分表_标准版_第二册.md
101155,"纯牛奶(低脂,蒙牛特仑 苏低脂牛奶)",48,201,5.2,3.8,1.3,中国食物成分表_标准版_第二册.md
101156,"纯牛奶(低脂,明治醇壹 低脂肪高温杀菌乳)",46,194,5.2,3.6,1.2,中国食物成分表_标准版_第二册.md
101157,"纯牛奶(低脂,新西兰安 佳低脂牛奶)",51,214,5.5,3.8,1.5,中国食物成分表_标准版_第二册.md
101158,"纯牛奶(低脂,新西兰恒 天然田园低脂牛奶)",45,190,3.8,3.7,1.7,中国食物成分表_标准版_第二册.md
101159,纯牛奶（低脂，伊利金典 低脂奶）,48,203,5.4,3.7,1.3,中国食物成分表_标准版_第二册.md
101160,纯牛奶（低脂，意大利皮 尔蒙特低脂牛奶）,45,188,4.6,3.4,1.4,中国食物成分表_标准版_第二册.md
101161x,纯牛奶（代表值，脱脂）,34,146,4.6,3.5,0.3,中国食物成分表_标准版_第二册.md
101161,纯牛奶（脱脂，帕玛拉特）,33,138,4.8,2.9,0.2,中国食物成分表_标准版_第二册.md
101162,纯牛奶（脱脂，澳大利亚 澳田脱脂牛奶）,35,147,4.3,3.7,0.3,中国食物成分表_标准版_第二册.md
101163,纯牛奶（脱脂，丹麦爱氏 晨曦脱脂纯牛奶）,39,164,5.5,3.5,0.3,中国食物成分表_标准版_第二册.md
101164,纯牛奶（脱脂，德国甘蒂 牧场脱脂牛奶）,34,143,4,3.3,0.5,中国食物成分表_标准版_第二册.md
101165,纯牛奶（脱脂，新西兰安 佳轻欣脱脂牛奶）,32,138,4.2,3.9,0,中国食物成分表_标准版_第二册.md
101166,"调制乳（全脂，强化VA,VD)",51,215,5.6,2.7,2,中国食物成分表_标准版_第二册.md
101167,调制乳（全脂，草莓味， 卡夫牌）,79,332,10.3,2.7,3,中国食物成分表_标准版_第二册.md
101168,调制乳（全脂，巧克力味， 卡夫牌）,80,336,10,2.8,3.2,中国食物成分表_标准版_第二册.md
101169,调制乳（全脂，巧克力味， 三元牌）,74,311,9.9,2.3,2.8,中国食物成分表_标准版_第二册.md
101170,调制乳（全脂，学生奶）,66,278,8.1,2.6,2.6,中国食物成分表_标准版_第二册.md
101171,调制乳（全脂，龙丹益醇 核桃牛奶）,62,258,6.6,2.5,2.8,中国食物成分表_标准版_第二册.md
101172,调制乳（全脂，蒙牛特仑 苏醇纤牛奶）,72,299,5.5,3.4,4,中国食物成分表_标准版_第二册.md
101173,调制乳（全脂，蒙牛珍养 型零乳糖牛奶）,60,249,4,3,3.5,中国食物成分表_标准版_第二册.md
101174,"调制乳(全脂,完达山臻醇牛奶)",69,287,5.4,3.4,3.7,中国食物成分表_标准版_第二册.md
101175,"调制乳(全脂,旺仔复原乳牛奶)",74,310,10.1,2.5,2.6,中国食物成分表_标准版_第二册.md
101176,"调制乳(全脂,夏进炼乳牛奶)",71,297,8.2,2.5,3.1,中国食物成分表_标准版_第二册.md
101177,"调制乳(全脂,新西兰安佳原味进口儿童牛奶)",70,291,5.9,3.6,3.5,中国食物成分表_标准版_第二册.md
101178,"调制乳(全脂,新希望特浓牛奶)",66,277,5.4,3.3,3.5,中国食物成分表_标准版_第二册.md
101179,"调制乳(全脂,伊利舒化奶)",68,285,5,3.5,3.8,中国食物成分表_标准版_第二册.md
101180,"调制乳(全脂,伊利早餐奶麦香味)",71,297,7.6,2.9,3.2,中国食物成分表_标准版_第二册.md
101181,"调制乳(低脂,强化锌、钙,帕玛拉特)",60,251,5,3,3.1,中国食物成分表_标准版_第二册.md
101182,"调制乳(低脂,澳大利亚德运高钙低脂奶)",52,221,7.1,3.5,1.1,中国食物成分表_标准版_第二册.md
101183,"调制乳(低脂,伊利低脂型舒化奶)",46,192,4.6,3.4,1.5,中国食物成分表_标准版_第二册.md
101184,"调制乳(低脂,伊利高钙低脂奶)",47,196,5.5,3.2,1.3,中国食物成分表_标准版_第二册.md
101185,"调制乳(脱脂,部分复原乳,澳大利亚德运高钙脱脂奶)",42,178,6.2,3.6,0.3,中国食物成分表_标准版_第二册.md
101186,"调制乳(脱脂,伊利脱脂奶)",34,144,4.5,3.3,0.3,中国食物成分表_标准版_第二册.md
101187x,"鲜牛奶(代表值,全脂)",67,280,5.1,3.4,3.7,中国食物成分表_标准版_第二册.md
101187,"鲜牛奶(全脂,光明鲜牛奶)",63,264,4.5,3.4,3.5,中国食物成分表_标准版_第二册.md
101188,"鲜牛奶(全脂,辉山鲜博士鲜牛奶)",70,290,4.1,3.6,4.3,中国食物成分表_标准版_第二册.md
101189,"鲜牛奶(全脂,完达山鲜牛乳)",66,276,4.6,3.6,3.7,中国食物成分表_标准版_第二册.md
101190,"鲜牛奶(全脂,西域春牌 全脂巴氏杀菌乳)",63,264,6.3,2.5,3.1,中国食物成分表_标准版_第二册.md
101191,"鲜牛奶(全脂,现代牧场 鲜牛奶)",64,268,4.5,3.4,3.6,中国食物成分表_标准版_第二册.md
101192,"鲜牛奶(全脂,新希望千 岛湖牧场鲜牛奶)",76,319,6.7,3.6,3.9,中国食物成分表_标准版_第二册.md
101193,"鲜牛奶(全脂,一鸣鲜牛奶)",66,278,5,3.5,3.6,中国食物成分表_标准版_第二册.md
101201,羊乳,59,247,5.4,1.5,3.5,中国食物成分表_标准版_第二册.md
101301,人乳,65,274,7.4,1.3,3.4,中国食物成分表_标准版_第二册.md
101302,"人乳(初乳,1~7天)",68,283,6.2,2.2,3.8,中国食物成分表_标准版_第二册.md
101303,"人乳(过渡乳,7~14天)",73,304,7,2.2,4,中国食物成分表_标准版_第二册.md
101304,人乳(成熟乳),70,294,6.5,1.2,4.4,中国食物成分表_标准版_第二册.md
101401,鲜驴奶,33,140,6.5,0.4,0.6,中国食物成分表_标准版_第二册.md
101402,鲜驴奶(冻),41,172,7,0.5,1.2,中国食物成分表_标准版_第二册.md
101403,"鲜驴奶(花麒牌,冻)",39,165,6.5,0.8,1.1,中国食物成分表_标准版_第二册.md
101501,鲜驼奶,72,303,6.5,3.7,3.5,中国食物成分表_标准版_第二册.md
101502,鲜驼奶(冻),86,359,9.9,3.6,3.5,中国食物成分表_标准版_第二册.md
101503,"驼奶(旺源牌,易拉罐)",81,339,6,3.9,4.6,中国食物成分表_标准版_第二册.md
102101x,全脂奶粉(代表值),482,2020,50.5,19.9,22.3,中国食物成分表_标准版_第二册.md
102101,全脂奶粉(多维奶粉),484,2027,49.9,19.9,22.7,中国食物成分表_标准版_第二册.md
102103,全脂奶粉,478,2005,51.7,20.1,21.2,中国食物成分表_标准版_第二册.md
102104,全脂奶粉(速溶),466,1956,54,19.9,18.9,中国食物成分表_标准版_第二册.md
102105,全脂奶粉（雀巢）,504,2107,39,24,28,中国食物成分表_标准版_第二册.md
102107,全脂奶粉（伊利牌）,504,2110,45.5,22,26,中国食物成分表_标准版_第二册.md
102125,全脂奶粉(红星速溶加锌奶粉),478,2004,54.1,18.5,20.8,中国食物成分表_标准版_第二册.md
102126,全脂奶粉（欧世蒙牛多维 高钙高铁奶粉）,473,1981,51.1,18.2,21.7,中国食物成分表_标准版_第二册.md
102127,全脂奶粉（雪花钙加锌调 制奶粉）,461,1936,55.5,17,19,中国食物成分表_标准版_第二册.md
102128,全脂奶粉（雪花高钙多维 调制奶粉）,484,2030,52,19.5,22,中国食物成分表_标准版_第二册.md
102130x,全脂甜奶粉（代表值）,485,2034,49.6,20.2,22.9,中国食物成分表_标准版_第二册.md
102131,全脂甜奶粉,490,2054,47.4,22.5,23.4,中国食物成分表_标准版_第二册.md
102132,全脂甜奶粉（伊利牌）,476,1998,52.8,19,21,中国食物成分表_标准版_第二册.md
102133,全脂甜奶粉(飞鹤全脂甜乳粉),479,2007,48,20,23,中国食物成分表_标准版_第二册.md
102134,全脂甜奶粉（红星速溶全 脂甜奶粉）,481,2016,50,18.5,23,中国食物成分表_标准版_第二册.md
102135,全脂甜奶粉（三元燕山牌 全脂甜奶粉）,500,2095,50,21,24,中国食物成分表_标准版_第二册.md
102150x,"低脂奶粉(代表值,高钙高铁)",425,1793,55.9,23.7,11.9,中国食物成分表_标准版_第二册.md
102151,"低脂奶粉(高钙高铁,雀巢)",413,1742,50,27,11.7,中国食物成分表_标准版_第二册.md
102152,"低脂奶粉(高钙高铁,伊利牌)",423,1782,53.9,27,11,中国食物成分表_标准版_第二册.md
102153,"低脂奶粉(高钙高铁,可淇牌)",437,1841,63,17,13,中国食物成分表_标准版_第二册.md
102201,全脂奶粉(全脂羊乳粉),498,2085,49,18.8,25.2,中国食物成分表_标准版_第二册.md
102211,驴奶粉（花麒牌，西域龙 驴奶粉）,442,1861,62.4,20.1,12.4,中国食物成分表_标准版_第二册.md
102212,驴奶粉（金驴龙奶）,416,1759,70.8,14.8,8.2,中国食物成分表_标准版_第二册.md
102213,"驴奶粉(源西域牌,冻干特质)",428,1803,60,19.3,12.3,中国食物成分表_标准版_第二册.md
102221,驼奶粉（花麒牌，西域龙 驼奶粉）,528,2206,43.4,20.2,30.4,中国食物成分表_标准版_第二册.md
102222,驼奶粉（天山牧歌牌）,513,2143,47.1,16.7,28.6,中国食物成分表_标准版_第二册.md
102223,驼奶粉（旺源牌，全脂驼 乳粉）,545,2271,37,21.3,34.6,中国食物成分表_标准版_第二册.md
102301x,儿童配方奶粉（代表值）,454,1907,56.1,19,17.3,中国食物成分表_标准版_第二册.md
102302,"儿童配方奶粉（安儿健 A+,美赞臣）",428,1803,64,17.9,11.1,中国食物成分表_标准版_第二册.md
102303,儿童配方奶粉（适体健， 美赞臣）,417,1761,68,16,9,中国食物成分表_标准版_第二册.md
102304,儿童配方奶粉（惠氏）,451,1898,62,17,15,中国食物成分表_标准版_第二册.md
102305,儿童配方奶粉（可棋牌）,457,1921,59,17,17,中国食物成分表_标准版_第二册.md
102306,儿童配方奶粉(完达山牌),458,1924,57,17,18,中国食物成分表_标准版_第二册.md
102307,儿童配方奶粉（贝因美特 选幼童配方奶粉4阶段）,473,1984,56.6,18,19.5,中国食物成分表_标准版_第二册.md
102308,儿童配方奶粉（多美滋优 阶儿童配方奶粉）,406,1713,59.4,19.6,10,中国食物成分表_标准版_第二册.md
102309,儿童配方奶粉（惠氏金装 学儿乐学龄前儿童配方奶粉）,442,1855,58.9,17,16,中国食物成分表_标准版_第二册.md
102310,儿童配方奶粉（美素佳儿 GOLD 金装儿童配方奶粉）,452,1901,49,25.8,17,中国食物成分表_标准版_第二册.md
102311,儿童配方奶粉（美赞臣安 儿健儿童配方奶粉）,434,1828,63,20,12,中国食物成分表_标准版_第二册.md
102312,儿童配方奶粉（明治珍爱 童儿童配方奶粉）,465,1953,53.7,20,19,中国食物成分表_标准版_第二册.md
102313,儿童配方奶粉（欧世蒙牛 金装佳智学龄前儿童特殊配 方奶粉4阶段）,470,1970,52.5,17.9,20.9,中国食物成分表_标准版_第二册.md
102314,儿童配方奶粉（雀巢能恩 全进口奶源儿童配方奶粉4）,455,1910,49,22,19,中国食物成分表_标准版_第二册.md
102315,儿童配方奶粉（三元爱益 儿童成长配方奶粉）,500,2100,60,20,20,中国食物成分表_标准版_第二册.md
102316,儿童配方奶粉（完达山4 段儿童奶粉）,462,1941,55.7,17.1,19.2,中国食物成分表_标准版_第二册.md
102317,儿童配方奶粉（完达山金 装元乳4段儿童奶粉）,466,1954,54.8,17.5,19.8,中国食物成分表_标准版_第二册.md
102318,儿童配方奶粉（雪花学生 特殊配方奶粉）,461,1936,55,17.5,19,中国食物成分表_标准版_第二册.md
102319,儿童配方奶粉（雪花学生 营养奶粉）,463,1942,54,17.8,19.5,中国食物成分表_标准版_第二册.md
102320,儿童配方奶粉（雅培金装 喜康宝儿童配方奶粉）,444,1867,58.1,17.5,15.9,中国食物成分表_标准版_第二册.md
102321,儿童配方奶粉（雅士利儿 童奶粉）,460,1934,53,21.6,18,中国食物成分表_标准版_第二册.md
102322,儿童配方奶粉（伊利儿童 配方奶粉）,465,1952,50.6,21,20,中国食物成分表_标准版_第二册.md
102323,儿童配方奶粉（伊利金领 冠儿童配方奶粉）,467,1960,50.6,21.5,20,中国食物成分表_标准版_第二册.md
102324,儿童配方奶粉（伊利金装 儿童配方奶粉）,467,1960,50.6,21.5,20,中国食物成分表_标准版_第二册.md
102325,儿童配方奶粉（伊利学生 营养奶粉）,464,1947,53,18,20,中国食物成分表_标准版_第二册.md
102501x,孕产妇配方奶粉(代表值),413,1740,60.5,22,9.8,中国食物成分表_标准版_第二册.md
102502,孕产妇配方奶粉（惠氏）,405,1714,70,16,6.8,中国食物成分表_标准版_第二册.md
102503,孕产妇配方奶粉(美赞臣),378,1601,62.4,23.3,3.9,中国食物成分表_标准版_第二册.md
102504,孕产妇配方奶粉（贝因美冠军宝贝孕妈咪配方奶粉）,425,1789,59,22.5,12,中国食物成分表_标准版_第二册.md
102505,孕产妇配方奶粉（贝因美金装爱+孕妈咪配方奶粉）,434,1830,59,22.5,12,中国食物成分表_标准版_第二册.md
102506,孕产妇配方奶粉（贝因美金装爱+准妈咪配方奶粉）,426,1798,61.5,22.5,10,中国食物成分表_标准版_第二册.md
102507,孕产妇配方奶粉（多美滋优阶妈妈孕产妇配方奶粉）,360,1522,67.4,20.5,2.5,中国食物成分表_标准版_第二册.md
102508,孕产妇配方奶粉（飞帆孕产妇配方乳粉）,460,1934,57.7,18,17.5,中国食物成分表_标准版_第二册.md
102509,孕产妇配方奶粉（合生元金装妈妈配方奶粉）,380,1611,62.7,27,2.8,中国食物成分表_标准版_第二册.md
102510,孕产妇配方奶粉（亨氏超金妈妈孕产妇配方奶粉）,398,1680,57,26,8,中国食物成分表_标准版_第二册.md
102511,孕产妇配方奶粉（惠氏婴儿乐妈妈孕产妇配方奶粉）,406,1717,67,19,6.9,中国食物成分表_标准版_第二册.md
102512,孕产妇配方奶粉（美素佳儿GOLD金装妈妈孕产妇配方奶粉）,454,1907,47.1,27,17.5,中国食物成分表_标准版_第二册.md
102513,孕产妇配方奶粉（美赞臣安婴妈妈孕产妇配方奶粉）,383,1621,62,24,4.3,中国食物成分表_标准版_第二册.md
102514,孕产妇配方奶粉（雀巢妈妈孕产妇奶粉）,407,1720,67,20,6.5,中国食物成分表_标准版_第二册.md
102515,孕产妇配方奶粉（雀巢妈妈孕产妇营养配方奶粉）,402,1701,67,20,6,中国食物成分表_标准版_第二册.md
102516,孕产妇配方奶粉（三元爱力优妈妈配方奶粉）,438,1842,56.3,22.5,13.8,中国食物成分表_标准版_第二册.md
102517,孕产妇配方奶粉（圣元优博妈咪孕产妇配方奶粉）,440,1850,52,22,16,中国食物成分表_标准版_第二册.md
102518,孕产妇配方奶粉（完达山妈咪配方奶粉）,455,1910,52.4,22.5,17.5,中国食物成分表_标准版_第二册.md
102519,孕产妇配方奶粉（雅培妈妈喜康素金装孕产妇配方奶粉）,367,1555,66,23.1,2,中国食物成分表_标准版_第二册.md
102520,孕产妇配方奶粉（雅士利能慧金装孕产妇奶粉）,425,1789,59,20.6,12.5,中国食物成分表_标准版_第二册.md
102521,孕产妇配方奶粉（伊利金领冠妈妈配方奶粉）,456,1919,60.9,22,14,中国食物成分表_标准版_第二册.md
102522,孕产妇配方奶粉（伊利孕妇奶粉）,441,1856,56.7,22,14,中国食物成分表_标准版_第二册.md
102523,孕产妇配方羊奶粉（美可高特孕产妇配方羊奶粉）,447,1881,54.9,22,15.5,中国食物成分表_标准版_第二册.md
102801x,中老年配方奶粉(代表值),424,1785,55.7,21.8,12.8,中国食物成分表_标准版_第二册.md
102802,中老年配方奶粉(可淇牌),432,1821,63,18,12,中国食物成分表_标准版_第二册.md
102803,中老年配方奶粉（雀巢）,429,1804,44.8,30,14.4,中国食物成分表_标准版_第二册.md
102804,中老年配方奶粉(森永牌),418,1764,60,22,10,中国食物成分表_标准版_第二册.md
102805,中老年配方奶粉（三元爱益中老年配方奶粉）,448,1886,63,20,13,中国食物成分表_标准版_第二册.md
102806,中老年配方奶粉（雪花中老年特殊配方奶粉）,432,1820,58,20,13.6,中国食物成分表_标准版_第二册.md
102807,中老年营养奶粉（雪花中老年营养奶粉）,440,1852,58,21,14,中国食物成分表_标准版_第二册.md
103001x,酸奶（代表值，全脂）,86,363,12.9,2.8,2.6,中国食物成分表_标准版_第二册.md
103001,酸奶,70,295,10,3.2,1.9,中国食物成分表_标准版_第二册.md
103002,酸奶（高蛋白）,62,260,7.3,3.2,2.2,中国食物成分表_标准版_第二册.md
103003,酸奶（脱脂）,57,241,10,3.3,0.4,中国食物成分表_标准版_第二册.md
103004,酸奶（低脂）,64,269,9,2.7,1.9,中国食物成分表_标准版_第二册.md
103005,酸奶（果料）,67,281,10.4,3.1,1.4,中国食物成分表_标准版_第二册.md
103006,酸奶（橘味，脱脂）,48,205,8.2,3.2,0.3,中国食物成分表_标准版_第二册.md
103007,酸奶（调味）,88,372,11.9,3,3.2,中国食物成分表_标准版_第二册.md
103008,酸奶（果粒）,98,412,14.6,3.3,2.9,中国食物成分表_标准版_第二册.md
103009,酸奶（全脂，多美鲜全脂果 粒，草莓果粒/覆盆子果粒、 桃果粒/西番莲汁/菠萝果粒）,111,469,19.9,1.6,2.8,中国食物成分表_标准版_第二册.md
103010,酸奶（全脂，盖瑞牌，全 脂风味发酵乳）,93,393,14.6,3.1,2.5,中国食物成分表_标准版_第二册.md
103011,酸奶（全脂，花园牌）,77,323,11.3,1.6,2.8,中国食物成分表_标准版_第二册.md
103012,酸奶（全脂，佳丽牌，益 家全脂风味发酵乳）,95,399,13.8,2.9,3.1,中国食物成分表_标准版_第二册.md
103013,酸奶（全脂，天润牌浓缩 酸奶，全脂风味发酵乳）,95,398,14.1,3,2.9,中国食物成分表_标准版_第二册.md
103014,酸奶（全脂，西域春牌新 疆老酸奶，凝固型）,96,406,15.1,3.1,2.6,中国食物成分表_标准版_第二册.md
103015,酸奶（低脂，艾美牌，草莓、 芒果、蓝莓、覆盆子、菠萝 味低脂风味发酵乳）,96,403,16.9,1.6,2.4,中国食物成分表_标准版_第二册.md
104001,奶酪[干酪],328,1366,3.5,25.7,23.5,中国食物成分表_标准版_第二册.md
104002,奶豆腐（脱脂）,343,1456,26.5,53.7,2.5,中国食物成分表_标准版_第二册.md
104003,奶豆腐（鲜）,305,1287,12.5,46.2,7.8,中国食物成分表_标准版_第二册.md
104004,"奶疙瘩[奶酪干,干酸奶]",426,1793,17.7,55.1,15,中国食物成分表_标准版_第二册.md
104005,"乳酪(契达干酪,普通)",412,1708,0.1,25.5,34.4,中国食物成分表_标准版_第二册.md
104006,"乳酪(契达干酪,脱脂)",261,1091,Tr,31.5,15,中国食物成分表_标准版_第二册.md
104007,曲拉,356,1510,43.4,39.1,2.9,中国食物成分表_标准版_第二册.md
104008,乳酪(全脂软酪),313,1293,Tr,8.6,31,中国食物成分表_标准版_第二册.md
104009,酸酪蛋,443,1856,24.4,40.4,20.4,中国食物成分表_标准版_第二册.md
104010,乳酪(羊乳酪),250,1038,1.5,15.6,20.2,中国食物成分表_标准版_第二册.md
104011,乳酪(中脂软酪),180,746,3.1,9.2,14.5,中国食物成分表_标准版_第二册.md
104012,奶酪(光明牌),348,1442,6.5,16.5,28.4,中国食物成分表_标准版_第二册.md
104013,奶酪(骑士牌),386,1608,16.3,23,25.4,中国食物成分表_标准版_第二册.md
104014,低脂奶酪,241,1011,12.6,21.6,11.6,中国食物成分表_标准版_第二册.md
104015,硬质干酪,411,1702,0.1,24.9,34.5,中国食物成分表_标准版_第二册.md
104016,"奶酪(爱氏晨曦牌,儿童 奶酪条)",295,1224,Tr,23.9,22.1,中国食物成分表_标准版_第二册.md
104017,奶酪(百嘉儿童干酪条),272,1131,1.5,25,18.4,中国食物成分表_标准版_第二册.md
104018,"奶酪(多美鲜牌,欧洲奶 油奶酪)",356,1483,23.2,13.1,23.4,中国食物成分表_标准版_第二册.md
104019,"奶酪(天润牌,无限欢酪)",515,2148,51,3.5,33,中国食物成分表_标准版_第二册.md
104020,"酸奶疙瘩(干,农户家)",446,1873,20.9,48.8,18.6,中国食物成分表_标准版_第二册.md
104021,"酸奶疙瘩(干,市售)",451,1883,19.6,31.1,27.6,中国食物成分表_标准版_第二册.md
104022,"酸奶疙瘩(干,市售、加盐)",383,1613,17.8,51.6,11.7,中国食物成分表_标准版_第二册.md
104023,"酸奶疙瘩(瑞缘牌,中脂 特硬质干酪)",456,1911,49.5,14.4,22.3,中国食物成分表_标准版_第二册.md
104024,酸奶疙瘩(新鲜),275,1149,12.4,18.6,16.8,中国食物成分表_标准版_第二册.md
105001,奶油,879,3616,0.9,0.7,97,中国食物成分表_标准版_第二册.md
105002,奶油（焦克）,447,1838,0,3,48.3,中国食物成分表_标准版_第二册.md
105003,奶油（食品工业）,504,2072,0,1.1,55.5,中国食物成分表_标准版_第二册.md
105004,黄油,888,3650,0,1.4,98,中国食物成分表_标准版_第二册.md
105005,黄油渣,599,2489,40,11.1,43.8,中国食物成分表_标准版_第二册.md
105006,白脱（食品工业）[牛油、黄油],744,3113,0,,82.7,中国食物成分表_标准版_第二册.md
105007,酥油,860,3537,1.1,1.5,94.4,中国食物成分表_标准版_第二册.md
105008,奶油,785,3230,1.7,1.1,86,中国食物成分表_标准版_第二册.md
105009,酥油,718,2958,10.3,0.7,74.9,中国食物成分表_标准版_第二册.md
105010,酥油茶（原味）,465,1952,73.3,3,17.7,中国食物成分表_标准版_第二册.md
109001,炼乳（甜，罐头）,332,1400,55.4,8,8.7,中国食物成分表_标准版_第二册.md
109002,奶皮子,460,1902,6.3,12.2,42.9,中国食物成分表_标准版_第二册.md
109003,奶片,472,1982,59.3,13.3,20.2,中国食物成分表_标准版_第二册.md
109004,全脂甜炼乳（雀巢）,380,1601,64.9,7.5,10,中国食物成分表_标准版_第二册.md
109005,全脂甜炼乳（燕山牌）,374,1577,62.8,8.2,10,中国食物成分表_标准版_第二册.md
109006,脱脂甜炼乳,275,1169,58,10.3,0.2,中国食物成分表_标准版_第二册.md
109007,蛋白粉（益力健乳铁乳清蛋白粉）,425,1789,28,50,12.5,中国食物成分表_标准版_第二册.md
109008,牛初乳奶片（纽瑞滋牛初乳咀嚼奶片）,347,1467,49.5,27,4.5,中国食物成分表_标准版_第二册.md
109009,奶渣,381,1612,41.3,44.4,4.2,中国食物成分表_标准版_第二册.md
111101x,鸡蛋（代表值）,139,581,2.4,13.1,8.6,中国食物成分表_标准版_第二册.md
111102,鸡蛋（白皮）,138,574,1.5,12.7,9,中国食物成分表_标准版_第二册.md
111104,鸡蛋（土鸡）,138,577,5.6,14.4,6.4,中国食物成分表_标准版_第二册.md
111105,鸡蛋白,60,254,3.1,11.6,0.1,中国食物成分表_标准版_第二册.md
111106,鸡蛋白（乌骨鸡）,44,187,1,9.8,0.1,中国食物成分表_标准版_第二册.md
111107,鸡蛋黄,328,1360,3.4,15.2,28.2,中国食物成分表_标准版_第二册.md
111108,鸡蛋黄（乌骨鸡）,263,1092,5.7,15.2,19.9,中国食物成分表_标准版_第二册.md
111109,鸡蛋（红皮）,143,596,0,12.2,10.5,中国食物成分表_标准版_第二册.md
111110,鸡蛋（藏鸡蛋）,162,673,2.4,12.6,11.3,中国食物成分表_标准版_第二册.md
111111,鸡蛋（乌鸡蛋，绿皮）,170,710,6.1,12.6,10.6,中国食物成分表_标准版_第二册.md
111201,鸡蛋粉[全蛋粉],545,2269,11.3,43.4,36.2,中国食物成分表_标准版_第二册.md
111202,鸡蛋黄粉,644,2666,5.3,31.6,55.1,中国食物成分表_标准版_第二册.md
111203,松花蛋（鸡蛋）,178,742,5.8,14.8,10.6,中国食物成分表_标准版_第二册.md
111204,鸡蛋（煮）,143,596,0.1,12.1,10.5,中国食物成分表_标准版_第二册.md
111205,毛蛋,176,730,0,14.2,13.2,中国食物成分表_标准版_第二册.md
111206,荷包蛋（油煎）,195,808,1.4,13.5,15,中国食物成分表_标准版_第二册.md
111207,荷包蛋（煮）,155,645,0.2,12.3,11.7,中国食物成分表_标准版_第二册.md
112101,鸭蛋,180,748,3.1,12.6,13,中国食物成分表_标准版_第二册.md
112102,鸭蛋白,47,197,1.8,9.9,,中国食物成分表_标准版_第二册.md
112103,鸭蛋黄,378,1565,4,14.5,33.8,中国食物成分表_标准版_第二册.md
112104,海鸭蛋,243,1014,16.9,12.7,13.8,中国食物成分表_标准版_第二册.md
112201,松花蛋（鸭蛋）[皮蛋],171,714,4.5,14.2,10.7,中国食物成分表_标准版_第二册.md
112202,鸭蛋（咸鸭蛋，生）,190,793,6.3,12.7,12.7,中国食物成分表_标准版_第二册.md
112203,鸭蛋（咸鸭蛋，煮）,177,734,0,13.8,13.5,中国食物成分表_标准版_第二册.md
113101,鹅蛋,196,814,2.8,11.1,15.6,中国食物成分表_标准版_第二册.md
113102,鹅蛋白,48,201,3.2,8.9,,中国食物成分表_标准版_第二册.md
113103,鹅蛋黄,324,1346,6.2,15.5,26.4,中国食物成分表_标准版_第二册.md
113104,鹅蛋（煮）,177,736,1,12.7,13.6,中国食物成分表_标准版_第二册.md
114101,鹌鹑蛋,160,664,2.1,12.8,11.1,中国食物成分表_标准版_第二册.md
114201,鹌鹑蛋（五香罐头）,152,630,0,11.6,11.7,中国食物成分表_标准版_第二册.md
121101,白条鱼(裸鱼),103,432,1.6,16.6,3.3,中国食物成分表_标准版_第二册.md
121102,草鱼,113,475,0,16.6,5.2,中国食物成分表_标准版_第二册.md
121103,赤眼鳟[金目鱼],109,459,0,18.1,4.1,中国食物成分表_标准版_第二册.md
121104,鰻鱼[猴鱼],114,477,1.2,17.5,4.3,中国食物成分表_标准版_第二册.md
121105,胡子鲇[塘虱(鱼)],146,611,3.1,15.4,8,中国食物成分表_标准版_第二册.md
121106,黄颡鱼[戈牙鱼、黄鳍鱼],124,523,7.1,17.8,2.7,中国食物成分表_标准版_第二册.md
121107,黄鳝[鳝鱼],89,378,1.2,18,1.4,中国食物成分表_标准版_第二册.md
121108,黄鳝丝,69,291,0,15.4,0.8,中国食物成分表_标准版_第二册.md
121109,尖嘴白,137,578,4.1,22.7,3.3,中国食物成分表_标准版_第二册.md
121110,口头鱼,134,565,4.5,19.6,4.2,中国食物成分表_标准版_第二册.md
121111,鲤鱼[鲤拐子],109,459,0.5,17.6,4.1,中国食物成分表_标准版_第二册.md
121112,罗非鱼,98,416,2.8,18.4,1.5,中国食物成分表_标准版_第二册.md
121113,罗非鱼(莫桑比克)[非洲黑鲫鱼],77,326,1,16,1,中国食物成分表_标准版_第二册.md
121114,泥鳅,96,407,1.7,17.9,2,中国食物成分表_标准版_第二册.md
121115,青鱼[青皮鱼、青鳞鱼、青混],118,497,0,20.1,4.2,中国食物成分表_标准版_第二册.md
121116,乌鳢[黑鱼、乌鱼、生鱼],85,359,0,18.5,1.2,中国食物成分表_标准版_第二册.md
121117,银鱼[面条鱼],105,440,0,17.2,4,中国食物成分表_标准版_第二册.md
121118,湟鱼[裸鲤鱼],124,523,6.7,17.1,3.2,中国食物成分表_标准版_第二册.md
121120,鲇鱼[胡子鲇、鲢胡、旺虾],103,431,0,17.3,3.7,中国食物成分表_标准版_第二册.md
121121,鮑花,117,491,0,15.6,6.1,中国食物成分表_标准版_第二册.md
121122,鲢鱼[白鲢、胖子、连子鱼],104,436,0,17.8,3.6,中国食物成分表_标准版_第二册.md
121123,鲫鱼 [喜头鱼、海附鱼],108,455,3.8,17.1,2.7,中国食物成分表_标准版_第二册.md
121124,鲮鱼 [雪鲮],95,402,0.7,18.4,2.1,中国食物成分表_标准版_第二册.md
121125,鲮鱼 (罐头),399,1662,8.5,30.7,26.9,中国食物成分表_标准版_第二册.md
121126,鳊鱼 [鲂鱼、武昌鱼],135,565,1.2,18.3,6.3,中国食物成分表_标准版_第二册.md
121127,鳗鲡 [鳗鱼、河鳗],181,755,2.3,18.6,10.8,中国食物成分表_标准版_第二册.md
121128,鳙鱼 [胖头鱼、摆佳鱼、花鲢鱼],100,421,4.7,15.3,2.2,中国食物成分表_标准版_第二册.md
121129,鳜鱼 [桂鱼、花鲫鱼],117,494,0,19.9,4.2,中国食物成分表_标准版_第二册.md
121130,鳟鱼 [红鳟鱼],99,416,0.2,18.6,2.6,中国食物成分表_标准版_第二册.md
121131,草鱼 [白鯨、草包鱼],96,406,0.5,17.7,2.6,中国食物成分表_标准版_第二册.md
121132,鲢鱼 [白鲢、胖子、连子鱼],84,355,0,16.3,2.1,中国食物成分表_标准版_第二册.md
121133,鲫鱼 [喜头鱼、海附鱼],89,377,0.7,18,1.6,中国食物成分表_标准版_第二册.md
121134,丁桂鱼,157,663,0.2,29.7,4.2,中国食物成分表_标准版_第二册.md
121135,乌鳢 (野生) [黑鱼、乌鱼、生鱼],105,442,1.1,19.9,2.3,中国食物成分表_标准版_第二册.md
121136,花骨鱼,155,652,0.4,25.8,5.6,中国食物成分表_标准版_第二册.md
121137,黄颡鱼 [戈牙鱼、黄鳍鱼],161,672,Tr,17.3,10.2,中国食物成分表_标准版_第二册.md
121138,回头鱼,107,449,0.4,14.5,5.3,中国食物成分表_标准版_第二册.md
121139,鲥鱼,143,602,10.8,14.8,4.5,中国食物成分表_标准版_第二册.md
121140,斑鰍 [剑骨鱼],135,570,Tr,16.8,7.3,中国食物成分表_标准版_第二册.md
121141,抗浪鱼,174,725,2.1,16.6,11,中国食物成分表_标准版_第二册.md
121142,蓝鳃太阳鱼,93,393,0.3,17.8,2.3,中国食物成分表_标准版_第二册.md
121143,钳鱼,212,889,0.7,29.2,10.3,中国食物成分表_标准版_第二册.md
121144,翘嘴红鮑 (鲜),123,517,0.1,18.1,5.6,中国食物成分表_标准版_第二册.md
121145,鲟鱼,189,787,0.9,20.8,11.3,中国食物成分表_标准版_第二册.md
121146,鳊鱼[鲂鱼、武昌鱼],142,600,0.7,27,3.5,中国食物成分表_标准版_第二册.md
121147,鲟鱼,100,424,0.6,23.4,0.4,中国食物成分表_标准版_第二册.md
121148,雅鱼,131,551,0.1,26.5,2.7,中国食物成分表_标准版_第二册.md
121149,胭脂鱼(养殖),162,687,0.4,38.8,0.6,中国食物成分表_标准版_第二册.md
121150,棒棒鱼(雅江冷水鱼),118,501,Tr,27.1,1.1,中国食物成分表_标准版_第二册.md
121151,尖嘴鱼(雅江冷水鱼),107,451,4.6,17.1,2.2,中国食物成分表_标准版_第二册.md
121152,胡子鱼(雅江冷水鱼),99,419,4.4,17.4,1.3,中国食物成分表_标准版_第二册.md
121201,白姑鱼[白米子(鱼)],150,628,0,19.1,8.2,中国食物成分表_标准版_第二册.md
121202,鰲鱼[蓝圆鰸、边鱼],124,522,4.8,18.5,3.4,中国食物成分表_标准版_第二册.md
121203,带鱼[白带鱼、刀鱼],127,535,3.1,17.7,4.9,中国食物成分表_标准版_第二册.md
121204,堤鱼,191,795,1.3,17.6,12.8,中国食物成分表_标准版_第二册.md
121205,丁香鱼(干),196,830,4.6,37.5,3.1,中国食物成分表_标准版_第二册.md
121206,狗母鱼[大头狗母鱼],100,420,3,16.7,2.3,中国食物成分表_标准版_第二册.md
121207,海鲫鱼[九九鱼],206,857,3.6,17,13.7,中国食物成分表_标准版_第二册.md
121208,海鳗[鲫勾],122,513,0.5,18.8,5,中国食物成分表_标准版_第二册.md
121209,红娘鱼[翼红娘鱼],105,442,1.9,18,2.8,中国食物成分表_标准版_第二册.md
121210,黄姑鱼[黄婆鸡],137,572,0,18.4,7,中国食物成分表_标准版_第二册.md
121211,黄鱼(大黄花鱼),97,407,0.8,17.7,2.5,中国食物成分表_标准版_第二册.md
121213,黄鲂[赤虹、老板鱼],81,343,0.6,18.5,0.5,中国食物成分表_标准版_第二册.md
121214,金线鱼[红三鱼],101,424,0,18.6,2.9,中国食物成分表_标准版_第二册.md
121215,绿鳍马面鲀[面包鱼、橡皮鱼],83,350,1.2,18.1,0.6,中国食物成分表_标准版_第二册.md
121216,梅童鱼[大头仔鱼、丁珠鱼],121,506,0,18.9,5,中国食物成分表_标准版_第二册.md
121217,沙丁鱼 [沙鳝],89,377,0,19.8,1.1,中国食物成分表_标准版_第二册.md
121218,沙钻鱼 [多鳞鳝、沙梭鱼、麦穗鱼],84,355,1.2,18.4,0.6,中国食物成分表_标准版_第二册.md
121219,蛇鳝 [沙棱鱼],122,514,0.3,20.8,4.2,中国食物成分表_标准版_第二册.md
121220,舌鳎 [花纹舌头、舌头鱼],83,353,0,17.7,1.4,中国食物成分表_标准版_第二册.md
121221,油抒 [香棱鱼],145,603,0,15.9,9,中国食物成分表_标准版_第二册.md
121222,颚针鱼 [针量鱼],180,752,1.4,20.2,10.4,中国食物成分表_标准版_第二册.md
121223,鲅鱼 [马鲛鱼、燕鲅鱼、巴鱼],121,511,2.1,21.2,3.1,中国食物成分表_标准版_第二册.md
121224,鲅鱼 (咸) [咸马胶],157,666,12.4,23.3,1.6,中国食物成分表_标准版_第二册.md
121225,鲆 [片口鱼、比目鱼],112,472,0,20.8,3.2,中国食物成分表_标准版_第二册.md
121226,鲈鱼 [鲈花],105,442,0,18.6,3.4,中国食物成分表_标准版_第二册.md
121227,鲍鱼 [青鲍鱼、鲍巴鱼、青砖鱼],155,650,2.2,19.9,7.4,中国食物成分表_标准版_第二册.md
121228,鲑鱼 [大马哈鱼、三文鱼],139,581,0,17.2,7.8,中国食物成分表_标准版_第二册.md
121229,鲑鱼籽酱 [大马哈鱼籽酱、三文鱼籽酱],252,1052,14.4,10.9,16.8,中国食物成分表_标准版_第二册.md
121230,鯖鱼 (大) [大凤尾鱼],106,442,0.8,13.2,5.5,中国食物成分表_标准版_第二册.md
121231,鯖鱼 (小) [小凤尾鱼],124,520,4,15.5,5.1,中国食物成分表_标准版_第二册.md
121232,鲨鱼 (真鲨、白斑角鲨),118,496,0,22.2,3.2,中国食物成分表_标准版_第二册.md
121233,鲳鱼 (银鲳鱼) [平鱼],140,585,0,18.5,7.3,中国食物成分表_标准版_第二册.md
121234,鲷 [黑鲷、铜盆鱼、大目鱼],106,446,2.7,17.9,2.6,中国食物成分表_标准版_第二册.md
121235,鱈鱼 [白眼棱鱼],119,499,0,18.9,4.8,中国食物成分表_标准版_第二册.md
121236,鲽 [比目鱼、凸眼鱼],107,452,0.5,21.1,2.3,中国食物成分表_标准版_第二册.md
121237,鳐鱼 [夫鱼],90,380,0,20.8,0.7,中国食物成分表_标准版_第二册.md
121238,鳝鱼[快鱼、力鱼],159,666,0,20.7,8.5,中国食物成分表_标准版_第二册.md
121239,鳕鱼[鳕狭、明太鱼],88,374,0.5,20.4,0.5,中国食物成分表_标准版_第二册.md
121240,鲶鱼[鲶鱼],89,377,0,20.2,0.9,中国食物成分表_标准版_第二册.md
121241,带鱼(切段),108,455,0,17.6,4.2,中国食物成分表_标准版_第二册.md
121242,黄鱼(小黄花鱼),114,478,0,17,5.1,中国食物成分表_标准版_第二册.md
121243,金鲤鱼,99,418,0,18.7,2.7,中国食物成分表_标准版_第二册.md
121244,鳝鱼,413,1706,0.2,14.4,39.4,中国食物成分表_标准版_第二册.md
121245,双髻鲨,111,470,0,27.4,0.1,中国食物成分表_标准版_第二册.md
121246,紫青低纹鳕(冰鲜),150,629,0.8,20.5,7.2,中国食物成分表_标准版_第二册.md
121247,鲮鱸魚,60,252,Tr,13.7,0.6,中国食物成分表_标准版_第二册.md
121248,"鲳鱼(鲜,刺鲳)",149,626,5.9,16.8,6.5,中国食物成分表_标准版_第二册.md
121249,大菱鲆鱼(鲜)[多宝鱼],81,342,0.7,17,1.1,中国食物成分表_标准版_第二册.md
121250,海鲈鱼(鲜),112,472,0.4,19.5,3.6,中国食物成分表_标准版_第二册.md
121251,红鳍笛鲷[红鱼],134,565,2.7,20.1,4.8,中国食物成分表_标准版_第二册.md
121252,黄姑鱼(鲜),88,371,5.6,14.7,0.7,中国食物成分表_标准版_第二册.md
121253,鯖鱼[马鲛鱼],194,811,4.4,18.7,11.3,中国食物成分表_标准版_第二册.md
121254,石斑鱼(老虎斑),130,548,2.7,20.2,4.3,中国食物成分表_标准版_第二册.md
121255,石斑鱼(红石斑鱼),90,380,1.6,19.9,0.4,中国食物成分表_标准版_第二册.md
121256,石斑鱼(黑石斑鱼),95,403,0.9,20.2,1.2,中国食物成分表_标准版_第二册.md
121257,石斑鱼(花石斑鱼),95,402,1.7,20.2,0.8,中国食物成分表_标准版_第二册.md
121258,苏眉鱼,70,295,Tr,16.5,0.4,中国食物成分表_标准版_第二册.md
121259,青衣(红色),84,356,0.2,20.1,0.3,中国食物成分表_标准版_第二册.md
121260,青衣(孔雀绿色),82,348,0.6,19.2,0.3,中国食物成分表_标准版_第二册.md
121261,笠鱼,97,411,0.9,22.2,0.5,中国食物成分表_标准版_第二册.md
121262,金枪鱼肉,102,433,1.1,23.7,0.3,中国食物成分表_标准版_第二册.md
121263,鲮鱼肉[马鲛鱼肉],102,431,1,23.7,0.3,中国食物成分表_标准版_第二册.md
121264,刺泡鱼[刺鲍鱼],94,398,Tr,23,0.2,中国食物成分表_标准版_第二册.md
121301,鱼片干,303,1284,22,46.1,3.4,中国食物成分表_标准版_第二册.md
121302,鱼奇油[鱼露、虾油],47,198,0,11.2,0.2,中国食物成分表_标准版_第二册.md
121304,鱼排,160,677,24.5,10.1,2.4,中国食物成分表_标准版_第二册.md
121305,鱼丸,107,453,12.7,11.1,1.3,中国食物成分表_标准版_第二册.md
121306,鱼子酱,201,846,24.7,9.6,7.1,中国食物成分表_标准版_第二册.md
121401,草鱼(熏),283,1182,9.6,24,16.5,中国食物成分表_标准版_第二册.md
121402,丁香鱼(香辣味),403,1678,18.3,19,28.2,中国食物成分表_标准版_第二册.md
121403,凤尾鱼(熟),520,2155,9.7,23.5,43,中国食物成分表_标准版_第二册.md
121404,箭鱼(炸),271,1131,10.7,20.8,16.1,中国食物成分表_标准版_第二册.md
121405,金枪鱼(盐水浸),99,422,0,23.5,0.6,中国食物成分表_标准版_第二册.md
121406,金枪鱼(油浸),189,794,0,27.1,9,中国食物成分表_标准版_第二册.md
121407,"鲮鱼(豆豉,熟)",472,1963,17.9,25.5,33.1,中国食物成分表_标准版_第二册.md
121408,鳗鱼(红烧),211,886,9.5,21.3,9.8,中国食物成分表_标准版_第二册.md
121410,"鲭鱼(烤,150℃,20分)",390,1612,0,19.1,34.8,中国食物成分表_标准版_第二册.md
121414,鲭鱼(炸),550,2270,0.1,17.2,53.4,中国食物成分表_标准版_第二册.md
121415,鲭鱼(蒸),390,1611,0.7,14.6,36.5,中国食物成分表_标准版_第二册.md
121416,鲭鱼(煮),372,1537,0.4,14.9,34.5,中国食物成分表_标准版_第二册.md
121417,"沙丁鱼(茄汁,熟)",155,648,3,13.8,9.8,中国食物成分表_标准版_第二册.md
121418,沙丁鱼(盐水浸),172,721,0,21.5,9.6,中国食物成分表_标准版_第二册.md
121419,沙丁鱼(油浸),220,918,0,23.3,14.1,中国食物成分表_标准版_第二册.md
121420,午餐鱼(香辣味),383,1588,3.3,24.4,30.2,中国食物成分表_标准版_第二册.md
121421,鳕鱼(烤),96,408,Tr,21.4,1.2,中国食物成分表_标准版_第二册.md
121422,鳕鱼(炸),241,1005,15.6,12.4,14.3,中国食物成分表_标准版_第二册.md
122101,白米虾[水虾米],81,343,2,17.3,0.4,中国食物成分表_标准版_第二册.md
122102,斑节对虾[草虾],103,438,5.4,18.6,0.8,中国食物成分表_标准版_第二册.md
122103,长毛对虾[大虾、白露虾],90,380,3,18.5,0.4,中国食物成分表_标准版_第二册.md
122104,蝌蚪[刺蛄、大头虾],77,324,0,16,1.4,中国食物成分表_标准版_第二册.md
122105,东方对虾[中国对虾],84,357,1.6,18.3,0.5,中国食物成分表_标准版_第二册.md
122106,对虾,93,393,2.8,18.6,0.8,中国食物成分表_标准版_第二册.md
122107,海虾,79,333,1.5,16.8,0.6,中国食物成分表_标准版_第二册.md
122108,河虾,87,368,0,16.4,2.4,中国食物成分表_标准版_第二册.md
122109,基围虾,101,428,3.9,18.2,1.4,中国食物成分表_标准版_第二册.md
122110,江虾[沼虾],87,367,9.3,10.3,0.9,中国食物成分表_标准版_第二册.md
122111,龙虾,90,379,1,18.9,1.1,中国食物成分表_标准版_第二册.md
122112,明虾,85,359,3.8,13.4,1.8,中国食物成分表_标准版_第二册.md
122113,塘水虾[草虾],96,405,0,21.2,1.2,中国食物成分表_标准版_第二册.md
122114,虾虎,81,342,4.8,11.6,1.7,中国食物成分表_标准版_第二册.md
122116,螯虾,93,392,0,14.8,3.8,中国食物成分表_标准版_第二册.md
122117,北极虾,132,560,15.4,14.9,1.2,中国食物成分表_标准版_第二册.md
122118,九节虾(鲜),90,381,0.8,21.4,0.1,中国食物成分表_标准版_第二册.md
122119,口虾蛄[皮皮虾],82,345,1.8,14.8,1.7,中国食物成分表_标准版_第二册.md
122120,罗氏沼虾,91,380,Tr,20.6,0.8,中国食物成分表_标准版_第二册.md
122121,南美白对虾,83,351,0.8,19.4,0.2,中国食物成分表_标准版_第二册.md
122122,青虾,100,423,0.2,23.8,0.4,中国食物成分表_标准版_第二册.md
122123,琼海虾,56,234,0.9,8.9,1.8,中国食物成分表_标准版_第二册.md
122201,虾米[海米、虾仁],198,839,0,43.7,2.6,中国食物成分表_标准版_第二册.md
122202,虾脑酱,100,418,0,15.2,4.3,中国食物成分表_标准版_第二册.md
122203,虾酱,112,465,0,10.8,7.6,中国食物成分表_标准版_第二册.md
122204,虾仁(红),48,203,0,10.4,0.7,中国食物成分表_标准版_第二册.md
122205,虾皮,153,646,2.5,30.7,2.2,中国食物成分表_标准版_第二册.md
122206,虾仁,199,847,27.7,20.8,0.6,中国食物成分表_标准版_第二册.md
122301,虾仁肉丸,152,636,16.7,4.6,7.4,中国食物成分表_标准版_第二册.md
123001,海蟹,95,400,4.7,13.8,2.3,中国食物成分表_标准版_第二册.md
123002,河蟹,103,433,2.3,17.5,2.6,中国食物成分表_标准版_第二册.md
123003,锯缘青蟹[青蟹],80,336,1.7,14.6,1.6,中国食物成分表_标准版_第二册.md
123004,梭子蟹,95,400,0.9,15.9,3.1,中国食物成分表_标准版_第二册.md
123005,蟹肉,62,260,1.1,11.6,1.2,中国食物成分表_标准版_第二册.md
123006,海蟹(小),81,343,3.6,14.2,1.1,中国食物成分表_标准版_第二册.md
123007,"锯缘青蟹(公,鲜)",126,529,3.1,16.7,5.2,中国食物成分表_标准版_第二册.md
123008,"锯缘青蟹(母,鲜)",155,648,4.5,17.3,7.5,中国食物成分表_标准版_第二册.md
123009,大闸蟹(母),156,652,0.6,21,7.7,中国食物成分表_标准版_第二册.md
123010,海蟹(公),85,359,2.5,18,0.3,中国食物成分表_标准版_第二册.md
123011,海蟹(母),64,272,1.2,14.2,0.3,中国食物成分表_标准版_第二册.md
123301,蟹足棒,123,524,20.5,9,0.6,中国食物成分表_标准版_第二册.md
123302,"蟹膏(大闸蟹,蒸)",167,699,4.4,15.4,9.8,中国食物成分表_标准版_第二册.md
123303,"蟹肉(大闸蟹,公,蒸)",128,537,Tr,24.2,3.4,中国食物成分表_标准版_第二册.md
123304,"蟹黄(大闸蟹,蒸)",255,1065,1.2,24,17.2,中国食物成分表_标准版_第二册.md
123305,"蟹肉(大闸蟹,母,蒸)",131,552,0.9,22.4,4.2,中国食物成分表_标准版_第二册.md
123306,"梭子蟹(公,蒸)",79,330,Tr,19,0.2,中国食物成分表_标准版_第二册.md
123307,"梭子蟹(母,蒸)",101,424,Tr,24.1,0.4,中国食物成分表_标准版_第二册.md
124101,鲍鱼[杂色鲍],84,356,6.6,12.6,0.8,中国食物成分表_标准版_第二册.md
124102,鲍鱼(干),322,1360,13.7,54.1,5.6,中国食物成分表_标准版_第二册.md
124103,蛏子,40,171,2.1,7.3,0.3,中国食物成分表_标准版_第二册.md
124104,蛏干[蛏子缢、蛏青子],340,1438,27.4,46.5,4.9,中国食物成分表_标准版_第二册.md
124105,赤贝,61,259,0,13.9,0.6,中国食物成分表_标准版_第二册.md
124106,河蚌,54,227,0.7,10.9,0.8,中国食物成分表_标准版_第二册.md
124107,河蚬[蚬子],47,200,1.7,7,1.4,中国食物成分表_标准版_第二册.md
124108,牡蛎[海蛎子],73,307,8.2,5.3,2.1,中国食物成分表_标准版_第二册.md
124109,生蚝,57,241,0,10.9,1.5,中国食物成分表_标准版_第二册.md
124110,泥蚶[血蚶、珠蚶],71,302,6,10,0.8,中国食物成分表_标准版_第二册.md
124111,扇贝(鲜),60,255,2.6,11.1,0.6,中国食物成分表_标准版_第二册.md
124112,扇贝(干)[干贝],264,1121,5.1,55.6,2.4,中国食物成分表_标准版_第二册.md
124113,鲜贝,77,328,2.5,15.7,0.5,中国食物成分表_标准版_第二册.md
124114,银蚶[蚶子],71,298,2.3,12.2,1.4,中国食物成分表_标准版_第二册.md
124115,贻贝(鲜)[淡菜、壳菜],80,337,4.7,11.4,1.7,中国食物成分表_标准版_第二册.md
124116,贻贝(干)[淡菜、壳菜],355,1498,20.1,47.8,9.3,中国食物成分表_标准版_第二册.md
124117,海蚌[西施舌],42,176,0.2,9.5,0.3,中国食物成分表_标准版_第二册.md
124118,鲍鱼(皱纹鲍),75,319,4.8,13.7,0.1,中国食物成分表_标准版_第二册.md
124201x,蛤蜊(代表值),62,260,2.8,10.1,1.1,中国食物成分表_标准版_第二册.md
124202,蛤蜊(花蛤蜊),45,191,2.2,7.7,0.6,中国食物成分表_标准版_第二册.md
124203,蛤蜊(毛蛤蜊),97,413,7.1,15,1,中国食物成分表_标准版_第二册.md
124204,蛤蜊(秋蛤蜊),89,376,5,15.6,0.7,中国食物成分表_标准版_第二册.md
124205,蛤蜊(沙蛤蜊),56,235,0.8,8.9,1.9,中国食物成分表_标准版_第二册.md
124206,蛤蜊(杂色蛤蜊),53,221,0.7,7.5,2.2,中国食物成分表_标准版_第二册.md
124301x,螺(代表值),100,424,6.6,15.7,1.2,中国食物成分表_标准版_第二册.md
124302,红螺,119,506,7.6,20.2,0.9,中国食物成分表_标准版_第二册.md
124303,黄螺[东风螺],106,450,4.5,19.8,1,中国食物成分表_标准版_第二册.md
124304,螺蛳,59,252,6,7.5,0.6,中国食物成分表_标准版_第二册.md
124305,石螺,90,383,8.2,12.8,0.7,中国食物成分表_标准版_第二册.md
124306,田螺,60,256,3.6,11,0.2,中国食物成分表_标准版_第二册.md
124307,香海螺,163,687,10.1,22.7,3.5,中国食物成分表_标准版_第二册.md
124308,海蚌(鲜),51,218,5.5,6.9,0.2,中国食物成分表_标准版_第二册.md
124309,"海蚌(漳港海蚌,鲜)",64,269,4.9,9.4,0.7,中国食物成分表_标准版_第二册.md
124310,蛏子(焯),67,282,1.1,13.5,0.9,中国食物成分表_标准版_第二册.md
124311,缢蛏(鲜),73,308,5.6,8.6,1.8,中国食物成分表_标准版_第二册.md
124312,牛角江跳蛤(鲜)[长带子],49,207,4,7.1,0.5,中国食物成分表_标准版_第二册.md
124313,文蛤(鲜),56,237,3.2,9.2,0.7,中国食物成分表_标准版_第二册.md
124314,血蚶(鲜),51,214,3.3,8.2,0.5,中国食物成分表_标准版_第二册.md
124315,六角螺(鲜),118,500,4.8,23.5,0.5,中国食物成分表_标准版_第二册.md
124316,海螺肉(干),295,1254,7,65.7,0.5,中国食物成分表_标准版_第二册.md
124601,文蛤丸,211,884,15.8,16.2,9.2,中国食物成分表_标准版_第二册.md
129001,海参,78,330,2.5,16.5,0.2,中国食物成分表_标准版_第二册.md
129002,海参(干),262,1108,4.5,50.2,4.8,中国食物成分表_标准版_第二册.md
129003,海参(水浸),25,106,0,6,0.1,中国食物成分表_标准版_第二册.md
129004,海蜇皮,33,139,3.8,3.7,0.3,中国食物成分表_标准版_第二册.md
129005,海蜇头,74,314,11.8,6,0.3,中国食物成分表_标准版_第二册.md
129006,"墨鱼(鲜,曼氏无针乌贼)",83,350,3.4,15.2,0.9,中国食物成分表_标准版_第二册.md
129007,"墨鱼(干,曼氏无针乌贼)",287,1216,2.1,65.3,1.9,中国食物成分表_标准版_第二册.md
129008,"鱿鱼(鲜,中国枪乌贼)[枪乌贼]",84,355,0,17.4,1.6,中国食物成分表_标准版_第二册.md
129009,"鱿鱼(干,中国枪乌贼)",313,1323,7.8,60,4.6,中国食物成分表_标准版_第二册.md
129010,鱿鱼(水浸),75,319,0,17,0.8,中国食物成分表_标准版_第二册.md
129011,乌鱼蛋,66,280,0,14.1,1.1,中国食物成分表_标准版_第二册.md
129012,章鱼(章鱼肉)[八爪鱼],52,219,1.4,10.6,0.4,中国食物成分表_标准版_第二册.md
129013,章鱼[八爪鱼],135,574,14,18.9,0.4,中国食物成分表_标准版_第二册.md
129014,甲鱼蛋,128,534,3,12.5,7.3,中国食物成分表_标准版_第二册.md
129015,乌龟(龟板),466,1927,6.8,9.9,44.4,中国食物成分表_标准版_第二册.md
129016,乌龟(肉),250,1034,0.4,14.5,21.1,中国食物成分表_标准版_第二册.md
129017,金盏鱼翅(干),350,1487,2.3,84.1,0.5,中国食物成分表_标准版_第二册.md
129018,鱼翅(干),362,1538,0,88.4,0.9,中国食物成分表_标准版_第二册.md
129019,棘参(鲜),21,91,1.2,4.1,0,中国食物成分表_标准版_第二册.md
129020,海参(干),302,1283,9.5,64,0.9,中国食物成分表_标准版_第二册.md
129021,梅花参(泡发),73,309,4.5,11.7,0.9,中国食物成分表_标准版_第二册.md
129022,墨鱼(干),313,1329,4.2,71.6,1.1,中国食物成分表_标准版_第二册.md
129301,墨鱼圈,72,302,0,13,2.2,中国食物成分表_标准版_第二册.md
129302,墨鱼丸,128,538,8,13.4,4.7,中国食物成分表_标准版_第二册.md
131117,婴儿配方奶粉（爱+新生儿配方奶粉1阶段）,517,2163,56.9,12,27,中国食物成分表_标准版_第二册.md
131118,婴儿配方奶粉（爱+婴儿配方奶粉2阶段）,515,2154,55.9,12.5,27,中国食物成分表_标准版_第二册.md
131119,婴儿配方奶粉（贝因美初生婴儿配方奶粉）,514,2151,56.2,12.3,26.8,中国食物成分表_标准版_第二册.md
131120,婴儿配方奶粉（超级飞帆婴儿配方奶粉Ⅳ）,519,2171,57.6,12,27.1,中国食物成分表_标准版_第二册.md
131121,婴儿配方奶粉（多美滋多乐加婴儿配方奶粉1阶段）,503,2106,57.4,11.1,25.8,中国食物成分表_标准版_第二册.md
131122,婴儿配方奶粉（多美滋优阶贝护婴儿配方奶粉）,484,2026,52.2,10.4,26,中国食物成分表_标准版_第二册.md
131123,婴儿配方奶粉（飞帆婴儿配方奶粉Ⅱ）,518,2168,57.6,12,27,中国食物成分表_标准版_第二册.md
131124,婴儿配方奶粉（合生元超级呵护婴儿配方奶粉1阶段）,503,2106,58.7,11.8,25,中国食物成分表_标准版_第二册.md
131125,婴儿配方奶粉（亨氏超金康儿高婴儿配方奶粉1段）,501,2098,57.3,11,26,中国食物成分表_标准版_第二册.md
131126,婴儿配方奶粉（惠氏金装爱儿乐婴儿配方奶粉）,534,2232,58.4,11,29,中国食物成分表_标准版_第二册.md
131127,婴儿配方奶粉（美素佳儿GOLD金装婴儿配方奶粉）,510,2134,57.1,10.6,27,中国食物成分表_标准版_第二册.md
131128,婴儿配方奶粉（美赞臣安婴儿配方奶粉）,514,2152,61,10.5,26,中国食物成分表_标准版_第二册.md
131129,婴儿配方奶粉（明治珍爱儿婴儿配方奶粉）,513,2148,58.8,12.2,25.9,中国食物成分表_标准版_第二册.md
131130,婴儿配方奶粉（能慧金装 婴儿配方奶粉）,508,2126,55.1,11.5,27.3,中国食物成分表_标准版_第二册.md
131131,婴儿配方奶粉（雀巢力多 精婴儿配方奶粉 1),502,2103,58.9,10.3,25.5,中国食物成分表_标准版_第二册.md
131132,婴儿配方奶粉（雀巢能恩 全进口奶源婴儿配方奶粉 1),515,2153,57.6,9.9,27.2,中国食物成分表_标准版_第二册.md
131133,婴儿配方奶粉（三元爱力 优婴儿配方奶粉）,520,2177,55.5,12.5,27.8,中国食物成分表_标准版_第二册.md
131134,婴儿配方奶粉（三元爱欣 宝金装婴儿配方奶粉）,517,2163,56.1,12.5,27.3,中国食物成分表_标准版_第二册.md
131135,婴儿配方奶粉（三元爱欣 宝婴儿配方奶粉）,517,2164,56.1,12.8,27.2,中国食物成分表_标准版_第二册.md
131136,婴儿配方奶粉（三元金装 爱力优婴儿配方奶粉）,515,2156,55,12.5,27.5,中国食物成分表_标准版_第二册.md
131137,婴儿配方奶粉（圣元优博 爱系列1婴儿配方奶粉）,511,2136,55.3,11.6,27,中国食物成分表_标准版_第二册.md
131138,婴儿配方奶粉（圣元优聪 金装婴儿配方奶粉）,493,2064,55.2,11.8,25,中国食物成分表_标准版_第二册.md
131139,婴儿配方奶粉（特选初生 婴儿配方奶粉 1阶段）,514,2151,56.2,12.3,26.8,中国食物成分表_标准版_第二册.md
131140,婴儿配方奶粉（完达山 1 段配方奶粉婴儿配方奶粉）,509,2130,56.5,12.5,26,中国食物成分表_标准版_第二册.md
131141,婴儿配方奶粉（完达山金 装元乳婴儿配方奶粉）,509,2131,56.5,12.5,26,中国食物成分表_标准版_第二册.md
131142,婴儿配方奶粉（完达山育儿 慧金装婴儿配方奶粉 1阶段）,508,2126,56.8,12.4,25.8,中国食物成分表_标准版_第二册.md
131143,婴儿配方奶粉（完达山元 乳婴儿配方奶粉 1阶段）,509,2130,56.5,12.5,26,中国食物成分表_标准版_第二册.md
131144,婴儿配方奶粉（雅培金装 喜康宝婴儿配方奶粉）,503,2106,58.2,10.6,26,中国食物成分表_标准版_第二册.md
131145,婴儿配方奶粉（雅士利α-金装婴儿配方奶粉）,508,2125,55.2,11.8,27.1,中国食物成分表_标准版_第二册.md
131146,婴儿配方奶粉（伊利金领冠婴儿配方奶粉）,507,2122,54.3,11.1,27.5,中国食物成分表_标准版_第二册.md
131147,婴儿配方奶粉（伊利金装婴儿配方奶粉）,517,2163,60.5,10.9,27,中国食物成分表_标准版_第二册.md
131148,婴儿配方奶粉（伊利婴儿配方奶粉）,509,2131,56,11,27,中国食物成分表_标准版_第二册.md
131149,婴儿配方羊奶粉（美可高特小婴配方羊奶粉）,507,2121,55.9,13.6,25.5,中国食物成分表_标准版_第二册.md
131901,婴儿配方豆粉（三元爱力优豆基婴儿配方粉）,520,2177,54.7,13.3,27.6,中国食物成分表_标准版_第二册.md
132101,较大婴儿配方奶粉（超级 飞帆较大婴儿配方奶粉IV）,482,2021,57.6,15.2,21.5,中国食物成分表_标准版_第二册.md
132102,较大婴儿配方奶粉（多美 滋多领加较大婴儿配方奶粉 2阶段）,477,2001,56.1,16,21.3,中国食物成分表_标准版_第二册.md
132103,较大婴儿配方奶粉（多美 滋优阶贝护延续较大婴儿配 方奶粉）,455,1907,52.6,15.2,20.4,中国食物成分表_标准版_第二册.md
132104,较大婴儿配方奶粉（飞帆 较大婴儿配方奶粉Ⅱ）,482,2021,57.8,15,21.5,中国食物成分表_标准版_第二册.md
132105,较大婴儿配方奶粉（合生 元超级呵护较大婴儿配方奶 粉2阶段）,483,2023,56.5,15,22.5,中国食物成分表_标准版_第二册.md
132106,较大婴儿配方奶粉（亨氏超金智儿高大婴儿配方奶粉2段）,477,1999,57.8,15.5,21,中国食物成分表_标准版_第二册.md
132107,较大婴儿配方奶粉（惠氏金装健儿乐较大婴儿和幼儿配方奶粉）,482,2023,57.2,15,22,中国食物成分表_标准版_第二册.md
132108,较大婴儿配方奶粉（美素佳儿GOLD金装较大婴儿配方奶粉）,478,2007,59,14.7,21,中国食物成分表_标准版_第二册.md
132109,较大婴儿配方奶粉（美赞臣安婴宝较大婴儿配方奶粉）,473,1985,61.8,15.2,18.9,中国食物成分表_标准版_第二册.md
132110,较大婴儿配方奶粉（明治珍爱宝较大婴儿和幼儿配方奶粉）,468,1965,62.9,14.5,18,中国食物成分表_标准版_第二册.md
132111,较大婴儿配方奶粉（能慧金装较大婴儿配方奶粉）,475,1993,54.3,17.1,21.5,中国食物成分表_标准版_第二册.md
132112,较大婴儿配方奶粉（欧世蒙牛金装佳智较大婴儿配方奶粉2阶段）,474,1987,51.8,15.2,22.9,中国食物成分表_标准版_第二册.md
132113,较大婴儿配方奶粉（完达山2段配方奶粉较大婴儿配方奶粉）,485,2033,55.1,16,22.5,中国食物成分表_标准版_第二册.md
132114,较大婴儿配方奶粉（完达山金装元乳较大婴儿配方奶粉）,489,2050,56.3,15.8,22.5,中国食物成分表_标准版_第二册.md
132115,较大婴儿配方奶粉（完达山育儿慧金装较大婴儿配方奶粉2阶段）,485,2033,55.2,15.9,22.5,中国食物成分表_标准版_第二册.md
132116,较大婴儿配方奶粉（完达山元乳较大婴儿配方奶粉2阶段）,489,2049,56.2,15.8,22.5,中国食物成分表_标准版_第二册.md
132117,较大婴儿配方奶粉(雅士利α-金装较大婴儿配方奶粉),475,1990,54.2,17.5,21.3,中国食物成分表_标准版_第二册.md
132118,较大婴儿配方羊奶粉(美可高特大婴配方羊奶粉),494,2070,46.6,20.9,25.1,中国食物成分表_标准版_第二册.md
132401,较大婴儿和幼儿配方奶粉(爱+婴幼儿配方奶粉3阶段),483,2024,56.9,15.8,21.5,中国食物成分表_标准版_第二册.md
132402,较大婴儿和幼儿配方奶粉(爱+幼儿配方奶粉4阶段),481,2017,56.9,16.5,21,中国食物成分表_标准版_第二册.md
132403,较大婴儿和幼儿配方奶粉(贝因美较大婴儿配方奶粉),488,2048,56,15.8,22.5,中国食物成分表_标准版_第二册.md
132404,较大婴儿和幼儿配方奶粉(超级能恩较大婴儿及幼儿配方奶粉2段),494,2071,57.6,14.8,22.7,中国食物成分表_标准版_第二册.md
132405,较大婴儿和幼儿配方奶粉(雀巢力多精较大幼儿及幼儿配方奶粉2),470,1975,59.1,14.8,19.8,中国食物成分表_标准版_第二册.md
132406,较大婴儿和幼儿配方奶粉(雀巢能恩全进口奶源较大婴儿及幼儿配方奶粉2),478,2007,59.1,15,20.2,中国食物成分表_标准版_第二册.md
132407,较大婴儿和幼儿配方奶粉(三元爱力优较大婴儿及幼儿配方奶粉),462,1938,55.2,16.6,19.6,中国食物成分表_标准版_第二册.md
132408,较大婴儿和幼儿配方奶粉(三元爱欣宝金装较大婴儿及幼儿配方奶粉),462,1939,55.6,16.5,19.7,中国食物成分表_标准版_第二册.md
132409,较大婴儿和幼儿配方奶粉(三元金装爱力优较大婴儿及幼儿配方奶粉),465,1950,55.2,16.4,20,中国食物成分表_标准版_第二册.md
132410,较大婴儿和幼儿配方奶粉(圣元优博爱系列2较大婴儿和幼儿配方奶粉),481,2015,56.1,15,21.8,中国食物成分表_标准版_第二册.md
132411,较大婴儿和幼儿配方奶粉(圣元优聪金装较大婴儿和幼儿配方奶粉),482,2020,56.5,15.5,21.5,中国食物成分表_标准版_第二册.md
132412,较大婴儿和幼儿配方奶粉(特选宝宝成长配方奶粉2阶段),488,2048,56,15.8,22.5,中国食物成分表_标准版_第二册.md
132413,较大婴儿和幼儿配方奶粉(雅培金装喜康宝较大婴幼儿配方奶粉),487,2041,52.6,17,23.8,中国食物成分表_标准版_第二册.md
132414,较大婴儿和幼儿配方奶粉(雅培亲护金装较大婴儿和幼儿配方奶粉2阶段),493,2065,54.7,15.5,23.8,中国食物成分表_标准版_第二册.md
132415,较大婴儿和幼儿配方奶粉(伊利较大婴幼儿配方奶粉),463,1944,57.1,16.4,19,中国食物成分表_标准版_第二册.md
132416,较大婴儿和幼儿配方奶粉(伊利金领冠较大婴儿及幼儿配方奶粉),470,1973,54.9,17,20.5,中国食物成分表_标准版_第二册.md
132417,较大婴儿和幼儿配方奶粉(伊利金装较大婴幼儿配方奶粉),467,1959,56,16.2,20,中国食物成分表_标准版_第二册.md
132701,幼儿配方奶粉(贝因美幼儿成长配方奶粉),484,2030,56.2,16.5,21.6,中国食物成分表_标准版_第二册.md
132702,幼儿配方奶粉(超级飞帆幼儿配方奶粉IV),467,1961,56.4,18.3,19,中国食物成分表_标准版_第二册.md
132703,幼儿配方奶粉(超级能恩幼儿配方奶粉3段),494,2071,57.6,14.8,22.7,中国食物成分表_标准版_第二册.md
132704,幼儿配方奶粉(多美滋多学1加幼儿配方奶粉3阶段),450,1893,61.1,16,16,中国食物成分表_标准版_第二册.md
132705,幼儿配方奶粉(多美滋优阶幼儿配方奶粉),438,1843,57.6,16,16,中国食物成分表_标准版_第二册.md
132706,幼儿配方奶粉(多美滋幼衡多营养幼儿配方奶粉),449,1889,60.9,16,16,中国食物成分表_标准版_第二册.md
132707,幼儿配方奶粉(飞帆幼儿配方奶粉II),467,1961,56.7,18,19,中国食物成分表_标准版_第二册.md
132708,幼儿配方奶粉(合生元超级呵护幼儿配方奶粉3阶段),464,1949,59.8,15,19,中国食物成分表_标准版_第二册.md
132709,幼儿配方奶粉(亨氏超金学儿高幼儿配方奶粉3段),476,1996,56.4,16.5,21,中国食物成分表_标准版_第二册.md
132710,幼儿配方奶粉(惠氏金装膳儿加幼儿全营养配方奶粉),455,1913,62.4,16,16,中国食物成分表_标准版_第二册.md
132711,幼儿配方奶粉(惠氏金装幼儿乐幼儿配方奶粉),443,1864,60.7,15,16,中国食物成分表_标准版_第二册.md
132712,幼儿配方奶粉(美素佳儿GOLD 金装幼儿配方奶粉),449,1888,59.9,17.1,16.2,中国食物成分表_标准版_第二册.md
132713,幼儿配方奶粉(美赞臣安儿宝幼儿配方奶粉),451,1894,58,17.5,16.5,中国食物成分表_标准版_第二册.md
132714,幼儿配方奶粉(能慧金装幼儿配方奶粉),476,1995,53.5,18,21.5,中国食物成分表_标准版_第二册.md
132715,幼儿配方奶粉(欧世蒙牛金装佳智幼儿配方奶粉3阶段),466,1954,52.5,16.2,21.3,中国食物成分表_标准版_第二册.md
132716,幼儿配方奶粉(雀巢力多精幼儿配方奶粉3),353,1474,29.7,14.8,19.8,中国食物成分表_标准版_第二册.md
132717,幼儿配方奶粉(雀巢能恩全进口奶源幼儿配方奶粉3),478,2007,59.1,15,20.2,中国食物成分表_标准版_第二册.md
132718,幼儿配方奶粉(三元爱力优幼儿配方奶粉),465,1950,54.1,18.6,19.5,中国食物成分表_标准版_第二册.md
132719,幼儿配方奶粉(三元爱欣宝金装幼儿配方奶粉),465,1953,54.8,18.5,19.5,中国食物成分表_标准版_第二册.md
132720,幼儿配方奶粉(三元爱欣宝幼儿配方奶粉),464,1947,54.9,18.1,19.5,中国食物成分表_标准版_第二册.md
132721,幼儿配方奶粉(三元金装爱力优幼儿配方奶粉),458,1924,54.1,18.2,19,中国食物成分表_标准版_第二册.md
132722,幼儿配方奶粉(圣元优博爱系列3幼儿配方奶粉),460,1931,57.6,16.8,18,中国食物成分表_标准版_第二册.md
132723,幼儿配方奶粉(圣元优聪金装幼儿配方奶粉),467,1960,58.2,16.8,18.5,中国食物成分表_标准版_第二册.md
132724,幼儿配方奶粉(特选健儿成长配方奶粉3阶段),484,2030,56.2,16.5,21.6,中国食物成分表_标准版_第二册.md
132725,幼儿配方奶粉(完达山3段配方奶粉幼儿配方奶粉),483,2023,55.4,16.2,22,中国食物成分表_标准版_第二册.md
132726,幼儿配方奶粉(完达山金装元乳幼儿配方奶粉),487,2040,56.7,16,22,中国食物成分表_标准版_第二册.md
132727,幼儿配方奶粉(完达山育儿慧金装幼儿配方奶粉3阶段),483,2023,55.6,16,22,中国食物成分表_标准版_第二册.md
132728,幼儿配方奶粉(完达山元乳幼儿配方奶粉3阶段),486,2039,56.5,16,22,中国食物成分表_标准版_第二册.md
132729,幼儿配方奶粉(雅培金装喜康宝幼儿配方奶粉),487,2041,52.6,17,23.8,中国食物成分表_标准版_第二册.md
132730,幼儿配方奶粉(雅培金装小安素全营养幼儿配方粉),457,1919,62.3,15,17.1,中国食物成分表_标准版_第二册.md
132731,幼儿配方奶粉(雅士利α-金装幼儿配方奶粉),473,1984,53.7,18.3,21,中国食物成分表_标准版_第二册.md
132732,幼儿配方奶粉(伊利金领冠幼儿配方奶粉),470,1970,54.3,17.5,20.5,中国食物成分表_标准版_第二册.md
132733,幼儿配方奶粉(伊利金装幼儿配方奶粉),457,1918,57.6,17,17.8,中国食物成分表_标准版_第二册.md
132734,幼儿配方奶粉（伊利幼儿配方奶粉）,459,1927,54.9,17.6,19,中国食物成分表_标准版_第二册.md
132735,幼儿配方羊奶粉（美可高特幼儿配方羊奶粉）,493,2063,46.5,20.8,25,中国食物成分表_标准版_第二册.md
133201,婴儿配方奶粉（超级能恩 乳蛋白部分水解婴幼儿配方 奶粉1段）,513,2146,59.9,9.8,26,中国食物成分表_标准版_第二册.md
133202,婴儿配方奶粉（雅培金装 亲护乳蛋白部分水解婴儿配 方奶粉1阶段）,512,2142,54.9,11.8,27.5,中国食物成分表_标准版_第二册.md
133401,婴儿配方奶粉（惠氏S-26 金装爱儿加早产儿出院后配 方奶粉）,524,2192,54,14,28,中国食物成分表_标准版_第二册.md
134001,米粉（贝因美果蔬宝多维营 养米粉）,418,1630,83.3,8,6,中国食物成分表_标准版_第二册.md
134002,米粉（贝因美乳清蛋白营养 米粉）,418,1630,85.3,6,6,中国食物成分表_标准版_第二册.md
134003,米粉(多口味装)(亨氏多口味装婴儿营养米粉),407,1630,85.4,5.4,5,中国食物成分表_标准版_第二册.md
134004,米粉(亨氏黑米红枣营养米粉五谷系列米粉6至36个月适用),414,1630,80.4,12,5,中国食物成分表_标准版_第二册.md
134005,米粉(亨氏胡萝卜营养米粉1段),407,1630,85.4,5.4,5,中国食物成分表_标准版_第二册.md
134006,米粉(亨氏淮山薏米营养米粉清润系列1段),407,1630,85.4,5.4,5,中国食物成分表_标准版_第二册.md
134007,米粉(亨氏混合蔬菜营养米粉辅食添加初期至36个月适用),407,1630,85.4,5.4,5,中国食物成分表_标准版_第二册.md
134008,米粉(亨氏鸡肉蔬菜营养米粉肉鱼系列米粉6至36个月适用),414,1630,80.4,12,5,中国食物成分表_标准版_第二册.md
134009,米粉(亨氏南瓜营养米粉1段),407,1630,85.4,5.4,5,中国食物成分表_标准版_第二册.md
134010,米粉(亨氏五谷杂粮营养米粉五谷系列米粉8至36个月适用),415,1630,79.8,13,5,中国食物成分表_标准版_第二册.md
134011,米粉(亨氏鳕鱼苹果营养米粉6至36个月适用),414,1630,80.4,12,5,中国食物成分表_标准版_第二册.md
134012,米粉(亨氏婴儿营养米粉辅食添加初期至36个月适用),407,1630,85.4,5.4,5,中国食物成分表_标准版_第二册.md
134013,米粉(亨氏鱼肉蔬菜营养米粉6至36个月适用),414,1630,80.4,12,5,中国食物成分表_标准版_第二册.md
134014,米粉(亨氏猪肝蔬菜营养米粉6至36个月适用),414,1630,80.4,12,5,中国食物成分表_标准版_第二册.md
134015,米粉(嘉宝缤纷水果营养米粉2阶段),385,1612,87.2,6.2,1.9,中国食物成分表_标准版_第二册.md
134016,米粉(嘉宝菠菜营养米粉2阶段),385,1636,87,6.4,1.9,中国食物成分表_标准版_第二册.md
134017,米粉(嘉宝番茄牛肉营养米粉3阶段),386,1636,86.2,7.2,1.9,中国食物成分表_标准版_第二册.md
134018,米粉(嘉宝胡萝卜营养米粉1阶段),385,1636,87,6.4,1.9,中国食物成分表_标准版_第二册.md
134019,米粉(嘉宝燕麦营养米粉3阶段),382,1619,84.5,9.5,1.5,中国食物成分表_标准版_第二册.md
134020,米粉(嘉宝营养米粉1阶段),386,1636,87,6.4,1.9,中国食物成分表_标准版_第二册.md
134021,米粉(金装宝贝营养菠菜营养米粉),385,1636,87,6.4,1.9,中国食物成分表_标准版_第二册.md
134022,米粉(金装宝贝营养钙铁锌营养米粉),386,1636,87,6.4,1.9,中国食物成分表_标准版_第二册.md
134023,米粉(金装宝贝营养什锦水果营养米粉),385,1612,87.2,6.2,1.9,中国食物成分表_标准版_第二册.md
134024,米粉(金装宝贝营养西红柿牛肉营养米粉),386,1636,86.2,7.2,1.9,中国食物成分表_标准版_第二册.md
134025,米粉(金装宝贝营养燕麦营养米粉),382,1619,84.5,9.5,1.5,中国食物成分表_标准版_第二册.md
134026,米粉(金装核桃营养米粉),384,1630,85,7.5,1.5,中国食物成分表_标准版_第二册.md
134027,米粉(金装胡萝卜营养米粉),384,1630,86,6.5,1.5,中国食物成分表_标准版_第二册.md
134028,米粉(金装牛肉菠菜营养米粉),384,1630,85,7.5,1.5,中国食物成分表_标准版_第二册.md
134029,米粉(金装三文鱼胡萝卜营养米粉),384,1630,85,7.5,1.5,中国食物成分表_标准版_第二册.md
134030,米粉(金装什果套餐营养米粉),384,1630,86,6.5,1.5,中国食物成分表_标准版_第二册.md
134031,米粉(金装锌铁钙营养米粉),384,1630,85,7.5,1.5,中国食物成分表_标准版_第二册.md
134032,米粉(金装猪肝蔬菜营养米粉),384,1630,85,7.5,1.5,中国食物成分表_标准版_第二册.md
134033,米粉(圣元DHA&胡萝卜营养米粉1段),431,1626,92,7,5,中国食物成分表_标准版_第二册.md
134034,米粉(圣元多维蔬菜营养米 粉2段),431,1626,92,7,5,中国食物成分表_标准版_第二册.md
134035,米粉(圣元钙铁锌营养米粉 1段),431,1626,92,7,5,中国食物成分表_标准版_第二册.md
134036,米粉(圣元淮山薏米营养米 粉2段),431,1626,92,7,5,中国食物成分表_标准版_第二册.md
134037,米粉(圣元鸡肉香菇营养米 粉3段),433,1626,92,7.5,5,中国食物成分表_标准版_第二册.md
134038,米粉(圣元乳清蛋白营养米 粉2段),408,1698,87,13,2,中国食物成分表_标准版_第二册.md
134039,米粉(圣元什锦水果营养米 粉2段),431,1626,92,7,5,中国食物成分表_标准版_第二册.md
134040,米粉(圣元营养米粉1段),431,1626,92,7,5,中国食物成分表_标准版_第二册.md
134041,米粉(圣元鱼肉菠菜营养米 粉2段),433,1626,92,7.5,5,中国食物成分表_标准版_第二册.md
134042,米粥(干)(方广鳕鱼胡萝 卜营养雪花粥),310,1490,70,5.5,2,中国食物成分表_标准版_第二册.md
134043,奶米粉(亨氏强化铁锌钙营 养奶米粉辅食添加初期至36 个月适用),407,1630,85.4,5.4,5,中国食物成分表_标准版_第二册.md
134044,奶米粉(亨氏乳清蛋白营养 奶米粉) 婴幼儿高蛋白谷物辅助食品,407,1630,85.4,5.4,5,中国食物成分表_标准版_第二册.md
134601,米粉(亨氏AD钙高蛋白营 养米粉加奶补钙系列米粉 6 至36个月适用),418,1630,79.4,14,5,中国食物成分表_标准版_第二册.md
134602,米粉(圣元高蛋白营养米粉 3段),408,1698,87,13,2,中国食物成分表_标准版_第二册.md
134701,面条(贝因美蛋黄营养面条),99,1550,,11,5,中国食物成分表_标准版_第二册.md
134702,面条(贝因美果蔬营养面条),99,1550,,11,5,中国食物成分表_标准版_第二册.md
134703,面条(贝因美黑芝麻营养面条),99,1550,,11,5,中国食物成分表_标准版_第二册.md
134704,面条(方广金装彩面核桃黑芝麻蔬菜营养面),308,1430,70,6,1.5,中国食物成分表_标准版_第二册.md
134705,面条(亨氏金装粒面黑米紫薯面),373,1500,72,11.2,4.5,中国食物成分表_标准版_第二册.md
134706,面条(伊威猪肝蔬菜营养面),275,1250,56,6,3,中国食物成分表_标准版_第二册.md
134801,饼干(贝因美营养磨牙棒饼干),377,1835,75,8,5,中国食物成分表_标准版_第二册.md
134802,饼干(方广科学配方宝宝机能饼干),448,1880,60,7,20,中国食物成分表_标准版_第二册.md
134803,饼干(格兰宝小二七种蔬菜饼干),415,1250,57,11.5,16.8,中国食物成分表_标准版_第二册.md
134804,饼干(嘉宝草莓苹果味星星泡芙饼干),24,105,6,,0,中国食物成分表_标准版_第二册.md
134805,饼干(嘉宝香草圈圈饼干),17,84,3,0,0.5,中国食物成分表_标准版_第二册.md
134806,饼干(伊威全机能字母宝宝营养饼干),507,1800,65.5,8.5,23.5,中国食物成分表_标准版_第二册.md
135001,骨髓蔬菜泥(亨氏骨髓蔬菜泥3阶段),88,371,8.4,3.3,4.6,中国食物成分表_标准版_第二册.md
135002,胡萝卜鱼肉泥(亨氏胡萝卜鱼肉泥2阶段),54,237,6,4.4,1.4,中国食物成分表_标准版_第二册.md
135003,混合蔬菜泥（亨氏混合蔬 菜泥1阶段）,37,123,6.6,1.3,1,中国食物成分表_标准版_第二册.md
135004,混合水果泥（亨氏混合水 果泥1阶段）,66,269,13.2,1,1,中国食物成分表_标准版_第二册.md
135005,苹果胡萝卜泥（亨氏苹果 胡萝卜泥1阶段）,46,168,8.2,1,1,中国食物成分表_标准版_第二册.md
135006,苹果南瓜红枣泥（亨氏苹 果南瓜红枣泥2阶段）,52,193,9.7,1,1,中国食物成分表_标准版_第二册.md
135007,苹果泥（亨氏金香苹果泥1 阶段）,52,191,9.8,1,1,中国食物成分表_标准版_第二册.md
135008,苹果香蕉泥（亨氏苹果香 蔗泥1阶段）,70,277,14.2,1,1,中国食物成分表_标准版_第二册.md
135009,三文鱼番茄泥（亨氏三文 鱼番茄泥2阶段）,64,273,8.6,3.6,1.7,中国食物成分表_标准版_第二册.md
135010,蔬菜骨泥（亨氏蔬菜骨泥2 阶段）,42,189,4,3.2,1.5,中国食物成分表_标准版_第二册.md
135011,甜嫩豌豆泥（亨氏甜嫩豌 豆泥1阶段）,54,200,9.3,2.8,1,中国食物成分表_标准版_第二册.md
135012,甜嫩玉米泥（亨氏甜嫩玉 米泥1阶段）,50,220,8.4,1.9,1,中国食物成分表_标准版_第二册.md
135013,香甜胡萝卜泥（亨氏香甜 胡萝卜泥1阶段）,35,118,5.5,1,1,中国食物成分表_标准版_第二册.md
135014,香甜南瓜泥（亨氏香甜南 瓜泥1阶段）,33,123,6.9,,1,中国食物成分表_标准版_第二册.md
135601,冻干草莓脆果（果仙多维 V草莓萃脆果（冻干））,352,1471,83.7,4.2,0,中国食物成分表_标准版_第二册.md
135602,肝粉（伊威全机能肝粉）,427,1500,20,30,25.2,中国食物成分表_标准版_第二册.md
135603,肝酥(方广宝宝营养猪肝酥),420,1780,35,25,20,中国食物成分表_标准版_第二册.md
135604,肉松(伊威婴幼儿纯肉松),430,1820,36,22,22,中国食物成分表_标准版_第二册.md
135605,肉酥(贝因美宝宝菠菜营养 肉酥),476,1998,42,32,20,中国食物成分表_标准版_第二册.md
135606,肉酥(贝因美宝宝胡萝卜营 养肉酥),476,1998,42,32,20,中国食物成分表_标准版_第二册.md
135607,肉酥(原味)(贝因美宝宝 原味营养肉酥),476,1998,42,32,20,中国食物成分表_标准版_第二册.md
135608,鳕鱼酥(方广宝宝野生鳕鱼酥) 汁类罐装食品,420,1580,35,25,20,中国食物成分表_标准版_第二册.md
135801,苹果胡萝卜汁(亨氏苹果 胡萝卜汁1阶段),45,150,8,1,1,中国食物成分表_标准版_第二册.md
135802,苹果汁(亨氏苹果汁1阶段),46,150,8.2,1,1,中国食物成分表_标准版_第二册.md
135803,葡萄汁(亨氏葡萄汁1阶段),54,180,10.2,1,1,中国食物成分表_标准版_第二册.md
135804,香橙汁(亨氏香橙汁1阶段),43,135,7.5,1,1,中国食物成分表_标准版_第二册.md
135805,香梨汁(亨氏香梨汁1阶段),46,149,8.3,1,1,中国食物成分表_标准版_第二册.md
191001,牛油(板油),835,3435,1.8,Tr,92,中国食物成分表_标准版_第二册.md
191002,牛油(炼),898,3691,0.1,Tr,99.7,中国食物成分表_标准版_第二册.md
191003,鸭油(炼),897,3689,0,Tr,99.7,中国食物成分表_标准版_第二册.md
191004,羊油(板油),824,3392,8,Tr,88,中国食物成分表_标准版_第二册.md
191005,羊油(炼),895,3678,0.9,Tr,99,中国食物成分表_标准版_第二册.md
191006,猪油(板油),827,3404,7.2,Tr,88.7,中国食物成分表_标准版_第二册.md
191007,猪油(炼),897,3689,0.2,Tr,99.6,中国食物成分表_标准版_第二册.md
219014,蜂蛹[蜂胚、蜂仔],100,419,2.3,10.6,5.4,中国食物成分表_标准版_第二册.md
219015,"蜂蛹(油蜂,干)",669,2765,9,20,61.4,中国食物成分表_标准版_第二册.md
219016,蜂蛹(大黄蜂),109,459,6.6,12.1,3.8,中国食物成分表_标准版_第二册.md
219022,牛蛙,81,343,3.4,15.7,0.5,中国食物成分表_标准版_第二册.md
219028,鸡内金,359,1525,3.8,83.1,1.3,中国食物成分表_标准版_第二册.md
219029,乌梢蛇,219,928,0.9,49.4,2,中国食物成分表_标准版_第二册.md
219030,团螺蛸,365,1544,6.2,70.2,6.6,中国食物成分表_标准版_第二册.md
219031,阿胶,383,1619,9.5,73,5.8,中国食物成分表_标准版_第二册.md
219032,珍珠,18,78,2.4,2,0.1,中国食物成分表_标准版_第二册.md
219033,牛黄,353,1501,38.4,48,0.9,中国食物成分表_标准版_第二册.md
219034,马鹿胎(粉),342,1440,24.4,36.8,10.8,中国食物成分表_标准版_第二册.md
219035,蛤蚧,382,1611,0,70.8,11,中国食物成分表_标准版_第二册.md
219036,燕窝,320,1360,21.7,57.9,0.2,中国食物成分表_标准版_第二册.md
219037,蜂胶液,,,,0.2,,中国食物成分表_标准版_第二册.md
219038,蛤蟆油,241,1022,24.6,31.4,1.9,中国食物成分表_标准版_第二册.md
219039,龟甲,134,567,2.6,26.4,2,中国食物成分表_标准版_第二册.md
219040,刺猬皮,357,1508,0.8,69.2,8.6,中国食物成分表_标准版_第二册.md
219041,蜂王浆,,,,14.6,,中国食物成分表_标准版_第二册.md
219042,裙边(干),337,1433,0,81.6,1.2,中国食物成分表_标准版_第二册.md
219043,鱼肚(干),312,1324,0,75.6,1,中国食物成分表_标准版_第二册.md
219044,鱼唇(干),347,1451,0,83.1,1.6,中国食物成分表_标准版_第二册.md
